name,time,score,comment
牛肉粒,2017年9月12日,50,这个游戏改变了我的人生，优化烂所以室友们都跑去网吧玩，寝室很安静很适合学习
怀念小红莓,2017年9月6日,10,巨 TM 无聊的游戏，啥也不做直接苟到第一名，浪费时间。
HolyC,2017年4月29日,30,"拾荒一小时,见面一秒死"
诺诺诺诺诺兰,2017年10月18日,10,我想给负分，因为舍友整天玩这个游戏到三更半夜。
OpinionatedDbU,2017年7月1日,50,我是谁，我在哪，谁在打我。
良猷,2017年10月26日,50,这游戏真是太有意思了，玩了一个多小时，坐了五十多次飞机。
蒙奇D黄猿,1月19日,50,这游戏带动电脑硬件产业发展，使中国网吧市场回暖
孟宇弟弟,2017年7月24日,50,听说国服是腾讯代理，充值就送防弹衣   会员直接背枪降落  充值满500送私人飞机  充值满1000送吉利服  更有火麒麟 毁灭 屠龙 超豪华补给箱 复活币等你购买，没钱的自己找河跳。
我小姨,2017年7月11日,40,你会不会突然的出现 拿AK与我面对面
Boon,2017年9月27日,50,这游戏出来以后……每天都有同事……用怪怪的眼神问我……今晚吃鸡吗……
呵呵呵呵23333,2017年9月3日,50,这个游戏有毒，我做梦都在玩！做梦都希望自己可以吃鸡，但一吃没吃过！
AA开开,2017年9月16日,50,玩起来很棒，可以根据自己的喜好去玩，你可以去肆无忌惮的见人就怼，你可以全程狗到最后送波快递，你也可以团队协作分工明确。这款游戏因为它的这些玩法多样化，很容易上瘾，紧张，刺激，惊悚。
瓜瓜饼饼,2018年2月23日,40,吃鸡届的高手，稀里糊涂跑成了第一9898
Cult,2017年6月1日,40,单排真的是恐怖片
日暮戈薇,2017年11月11日,50,直女表示像直男分不清口红色号一样分不清各种枪到底有什么区别。
阿蛋,3月22日,40,做最优秀的快递员 搜到最好的物资送最好的快递
N魂城扳手大,2017年10月2日,10,这种动作滑稽、优化差、厂商态度差的游戏也能被舔到9分？
liubinyan,2018年1月14日,40,组队孤儿死个妈先
AC沫尾,2017年11月16日,10,这么说吧，绝地求生应该是很多中国玩家第一次在网络游戏中和外国人游玩的游戏，有种新鲜感，所以把拆那南波万喊得特别起劲，然而在稍有点游戏阅历的玩家眼中，这帮玩家和第一次进城的乡巴佬没什么区别。
身藏利刃丶,2017年9月17日,50,相比lol，绝地求生给我最好的游戏体验就是可以击杀队友。开车撞死豪比，在豪比即将跑进安全区的时候给他一枪，不想玩了就随缘开枪喷死小胖，和小胖对拳毫无留情捍卫青岛第一拳皇的尊严～(￣￣～)~。吃鸡不重要，坑队友才是乐趣所在啊
Ken Freeman,2月18日,10,张献忠游戏
桦树立秋,2018年6月10日,40,换装→聊天→拾荒→揽件→快递
结城明日奈,2017年9月24日,50,把把前十，永不吃鸡
胡航坤,2017年10月2日,10,不知道这样制作不精良的游戏是怎么火起来的
IS.Caesar,2017年4月22日,50,谁才是最阴险的人争霸赛之只求吃鸡！比H1Z1好多了
机智的不死人,2017年7月19日,0,开局一个拳头，装备全靠捡
零度水面,2018年5月24日,10,这游戏告诉我们只要有好的创意，就是游戏素质一坨屎也能取得成功
想要健身的窝瓜,2017年9月4日,50,首付98，月供30。揽件10分钟，送件5秒钟。
Logo98_AnHao,2017年11月12日,50,看了评论和简介也很心痒，就去试了试，一个快递员跳伞换装游戏哪有你们说的那么刺激？
Dean,2017年12月7日,10,挂比卢本伟不封杀，天理不容！
邓萌17002,2017年9月7日,50,没有死亡回放，是为了保证死的人如果是开黑的，有可能报点。
你也看机核网么,2017年4月3日,40,这游戏完全不用担心玩家素质的问题，除了和你开黑的队友，其他的都是你死我活。
贫下中农,2017年8月29日,40,这是一个关于快递员的换装游戏
快乐的超哥,2018年1月3日,10,我已经不是这种FPS的受众了・・・・你在任何FPS的外衣上糊一坨多人游戏的屎都会有人买账，但是快20年前的三角洲特总部队的free for all和这个游戏差距很大吗？年轻人们，你们到底腻了没有？
安德烈大叔,2017年8月22日,50,黑暗森林法则，掉大坑里了。
八神太二,2018年2月19日,20,这游戏到底有啥意思，莫名其妙火起来，跟风狗真恶心！
Rmice,2018年4月24日,30,全世界玩家素质都一样，开语音就是fuxk you，傻逼，草泥马。人就是互相排斥的。拾荒一小时，见面一秒死
Atreus,2018年3月25日,40,在绝地求生，你甚至可以遇见不使用外挂的玩家
写名于水。,2017年11月9日,50,我与我的老同学组成了神奇四匣组合。
levi&#39;s wife,2018年3月11日,40,感激男盆友带玩以及在我被小贱人射杀后替我复仇然后跳海自杀殉情而亡。
pe,2017年10月6日,50,我永远都跳伞去最远的角落，天涯海角总不会再有人追杀我们了
Avril Lavigne,2017年12月6日,10,i dont think this shit is cute.
金坷垃伟大,2月26日,10,沉迷于吃鸡
徐炖蛋,2017年11月7日,40,舍友天天打，我偶尔玩几局，要是没有外挂，服务器再好点，这个游戏就可以了。
Just one,2018年2月3日,30,看到因为优化差室友去网吧玩  自己在宿舍学习的就很逗了     结果看到后面还有人因为室友在宿舍玩到凌晨三点根本没法学习的   世界之大无奇不有啊   啊哈哈哈哈      游戏来说   3分吧   并不是很好    但是在大逃杀类型里面 算可以的。
Luyo,2018年2月10日,30,基友拉去网吧四排，跟我说带你吃鸡; 捡到二级头四倍镜98k统统上交，狗到决赛圈被人家一枪放翻，剩下两个队友被带走以后四个智障拿枪指着我问，兄弟买挂吗？我还没搞清楚怎么调麦又被干掉; 游戏体验极差，还是安心打DOTA
樱若少女小琪琪,2018年2月11日,20,即便蓝洞可以解决外挂与优化这两个硬伤，以现在呈现出的完成度至少需要在正确的方向上（细化地图与资源配置，增加武器区分度与实用性，平衡偶然性对游戏体验的影响）打磨一年才能匹配其现有的声名――遑论单硬伤都看不到有任何转机的努力。吃鸡为看穿大众文化及与之挂靠的资本逻辑之本质提供了绝佳范本
El Sur,2017年8月26日,50,集射击、赛车（船）、步行（游泳）模拟、策略（阴人）和捡垃圾于一体
jinyu,2017年9月22日,50,游戏本身还是不错的，然而外挂十分影响游戏体验
风华绚烂,2018年9月27日,50,没想到啊 经历了CS之后 我都三十了 又特么的变成网瘾少年了 不 中年
tp,2017年11月12日,40,可以的，单排很像恐怖片。限于网络一般，我一般玩几局就退，几天玩一次。以前可能是超级新手，还经常万年老二，现在玩过一段时间，可能排名上去了，越来越虐，找不到CODOL那种随便玩都虐别人的感觉。要沉得住气做个LYB才行。还有就是我断断续续的玩，键盘一直不熟，情急之下经常按错，把我气的
Port blue,2018年2月14日,20,游戏前期优化极差，现在挂逼数不胜数
Nirvana,2018年2月20日,30,我玩的绝地求生只是个跳伞模拟器
Rooney&#39;s Dream,2018年3月25日,30,氛围几乎没有，真实感全无，设定不够硬核。披着求生标签的娱乐游戏，对了还有糟糕的优化和反外挂。（尽管现在更新使游戏性增强了不少但游戏环境依旧恶劣。）
99,2018年3月28日,10,死妈游戏
Overture1812,2018年4月3日,20,以前总是黑育碧优化差土豆渣，直到遇到了这个游戏，才发现育碧是有多么良心。
Vidar,2018年4月10日,20,外挂泛滥   游戏真空期长  世界观空虚  游戏优化很烂
Joker_Faye,2018年8月7日,40,很快就觉得不好玩了，还是我太菜，体会不到游戏的乐趣。
刮脸刀,2017年5月15日,10,要玩的加好友啊http://steamcommunity.com/profiles/76561198064646555/
九里,2017年5月22日,40,有了八倍镜的我可以八百里开外打爆你的狗头！
[已注销],2017年11月16日,10,一个游戏体验极差的游戏，甚至比20年前来的还要差的游戏，居然是时下最热门的游戏。
乏了的涎水,2017年12月9日,40,这个游戏很不受真正玩家群体的待见，大概是因为他得到了单机玩家所不想承认的过高热度，以及这个游戏玩家的种种恶行，以及神差的优化，以及单排时只能苟的无聊，以及种种种种，但这个游戏真的带给了我其他游戏带不来的社交快乐，以及想联络却没有由头的老朋友经常连麦的机会。
951596,2018年5月26日,10,垃圾游戏 体验极差
demon.荏苒,2018年5月30日,50,这是个改变卢本伟命运的游戏
Paranoia。,2017年7月6日,40,由于宿舍妹子强烈推荐 一时头昏脑热 为了这游戏 全价入手 还加了4G内存条  然而手残如我 “拾荒一小时 见面一秒死”乃是家常便饭 只有蹲坑阴人才能得点儿便宜 不过就这样也还是吃了一次鸡的 本想用此游戏撩妹 结果屡屡被妹子嫌弃 罢了 老夫还是自己玩玩单机吧...
OreoOlymLee,2017年8月22日,10,毫不客气地说，就是这种玩意儿的出现，拉低了作为第九艺术的游戏在人们心目中的形象。给个一星不为过。
FreeWillThorn.,2017年9月24日,50,有些人玩儿的是绝地屠杀，我玩儿的是跪地求饶。
听临,2017年10月6日,0,steam 游戏第一次流行到网吧呢！比 dayz 好玩
月剪残影,2017年10月15日,40,这个游戏刷新了我对平底锅的认识。
Dopamine,2018年2月8日,30,新鲜，但粘性不够。
佾,2018年2月10日,30,往先是神仙打架，现在是钱堆求生。
OrangQcer,2018年3月1日,50,和几个老朋友一起苟在房子的角落，聊聊往事吹吹逼，真是一款欢乐的休闲游戏。
Roo,2018年3月13日,30,对于菜鸟的我 游戏体验实在太差TAT
鲁罩,2018年3月30日,10,这个游戏完美的体现了国人的素质
Pagoménos,2018年4月7日,20,这游戏刚出我就玩了，上上个赛季也打到了亚服2人和4人前100，这款游戏所有的分我都给到了吃鸡这个模式上，其他所有都不值得一提，蓝洞是真的管理层到整个制作组态度都有问题，不想想怎么解决外挂，怎么优化游戏，怎么改善服务器质量，天天想着出新皮肤，换个UI，骗玩家钱，怎么和Fortnite比？
以沫不如江湖,2018年4月7日,20,吃个毛线鸡啊……
潘汝良,2018年4月8日,20,我玩着游戏纯粹是陪朋友...从来就对这个游戏不怎么感冒。再加之火了之后各种破事。
学习学习再学习,2018年4月13日,40,hey兄dei~！苟着不！ 有人有人！！卧槽！有人打我！绝对挂逼！救我救我！不愧是300h大佬！让你落地成盒！O98K！奶cer！车载音乐！灵车漂移！在安全区的边缘试探！
Aline,2018年11月5日,30,垃圾画质，垃圾手感，垃圾节奏，垃圾封号，垃圾外挂，良心价格，只需99吃鸡买回家，从此steam火了，正版游戏迎来春天，都是垃圾蓝洞惹的祸，哈哈哈，这游戏上8分简直是侮辱中国人的智商，当年多数中国玩家没玩过什么大厂游戏，结果现在又有人吹爆使命召唤15，人人骂吃鸡，实际吃鸡在中国的贡献没几个游戏比得上，毕竟从此有人在steam上玩到了玩到了使命召唤，哈哈哈
Ausmussolini,2018年11月13日,20,烂大街的游戏。。。制作粗糙，但着实是Arma系游戏第一次走进千家万户。趴在一个山头瞄准另一个山头的像素点，对很多国人来说还是三角洲时候的事了。
：D,2017年4月6日,50,熟悉地图，第三人称卡视角，战术用车，qe探头，药不要停92。大吉大利，今晚吃鸡94。
[已注销],2017年8月18日,50,在下吃鸡王，背靠背跑毒
[已注销],2017年9月26日,30,我是谁，我在哪，谁再打我，他在哪，啊，我死了
库布里克大橘子,2017年10月14日,50,鸡不可失，失了再来！
锦～瑟,2017年10月17日,40,和蝌蚪一样，活到最后的才能感受到生命诞生那一刹那的感动。想做一个刚强的男人，有LYB教做人、学着做一个LYB，又出现了伏地魔和幻影坦克……这种与人斗其乐无穷的游戏，一定要掌握好喊“China NO.1”和“Your mother Boom”的时机。干不过但要喷得过，毕竟中国玩家
点滴,2017年10月23日,50,pbug，初始版本音乐不错
徐小晨JK,2017年11月16日,50,年度最好玩的游戏没有之一
橄榄可乐,2017年11月16日,50,优秀游戏，两天上手。不怎么会跳伞，找不着人。画质玩法都不错。火了好一阵。空投，苟，三件套，子弹与枪的搭配等等，设计者该是个战争迷。
Buffon,2018年1月10日,50,玩了这个游戏之后我知道我又瞎又聋。
张不胖,2018年1月10日,50,绝地逃杀：大求生，好像也没有什么问题，毕竟地上苟一苟，活到九十九。
Dust,2018年1月15日,20,39块差不多吧 ，而且是39块的抢先体验游戏，明明优化和网络和对漏洞都那么多问题
艹_艹,2018年1月18日,30,就我觉得无聊吗
玛嘉控,2018年1月26日,20,现象级游戏，然而游戏质量本身并不优秀，想退款
dannysy,2018年8月17日,50,至少这一年留下了各种欢声笑语
呆萌小七,2018年8月30日,40,刚开始真的好讨厌这个游戏，一家6口就我不打，现在我也打了，走火入魔了，12过后越打越精神，做梦都吃鸡！
那个小明,2017年5月2日,50,炒鸡好玩。一度替代了我的最爱dota
13sama,2017年5月4日,0,怎么说呢。。真的是见面一秒死。。一个人玩好容易被按地上摩擦。。。。玩这个最重要的是。要有一副好眼力。。。。我觉得阔以做的更变态一点。。像电影那样装备给不一样的。。锅碗瓢盆都来。233。。肯定精彩。。
子陌菌,2017年5月13日,40,这是一个跳伞游戏。这是一个队友见到尸体就和脱缰的野狗一样置濒死的队友于不顾的游戏。这是一个测试你到底是不是老阴比的游戏。这是一个一晚上全是第二，不知道吃鸡是什么的游戏。子陌快递，使命必达。
雀危,2017年6月20日,50,就是玩一局太久了。。。
,2017年8月14日,50,我看到你的城市，你却不给我鸡吃
Chris,2018年2月9日,50,之前沉迷过几个月，会周末半夜跑去网吧玩的那种。现在偶尔周末会和老爸一起送送快递。emm但感觉还不错。
乔京,2018年2月12日,0,8h卸载
约克郡的小铁匠,2018年2月13日,50,苟
士放,2018年2月14日,40,需要别人奶的一个游戏:0
风魔言,2018年2月17日,50,好玩死
waiting,2018年2月19日,50,没有挂多好啊~
盒盒猫,2018年2月24日,40,这游戏真的有毒
做我的喵,2018年2月27日,40,自由度相当高，玩这游戏心脏受不了
沉默的大多数,2018年2月28日,30,新手游戏体验极差
乌龙女校校长,2018年3月1日,40,好玩真的上瘾
魔云兽,2018年3月9日,50,好玩。
wuyou,2018年3月10日,30,这游戏真是太有意思了，玩了一个多小时，坐了二十多次飞机。
歪脖树,2018年3月12日,20,和风暴比可能是两个极端，风暴是哪里都好就是不好玩，PUBG是什么都不好就是好玩。然而对于我这种体会不出这个好玩的玩家，它就什么都不剩了
HolyGrail,2018年3月12日,20,不合群吗？
洛丽塔,2018年3月13日,10,这游戏品质两分撑死，剩下的是小作坊的态度，赚的比谁都多什么都做不好，界面还连个中文都没有，别说了，一分都多
星期六,2018年3月17日,10,这个游戏很容易遇上外挂，还经常在游戏里遇到卖外挂的
文太的豆腐店,2018年3月18日,50,第二款让人着迷的游戏，第一dota
无趣压缩包,2018年3月18日,30,这是我最想骂的游戏，但是我得承认前一阵子有点痴迷。现在不迷了，只想骂。
苏林格尔,2018年3月19日,50,赞
Jerry不设防,2018年3月25日,50,吃不到01
常数,2018年3月26日,30,手机上玩的不能更爽，电脑端不太会操作…玩一会就晕的不行
Allen Guo,2018年3月26日,30,画面不错……但是聚焦于装备真的不适合我
张柚子,2018年3月26日,30,苟到吃鸡，浪到成盒
ｎｏｚｏｍｉ,2018年3月27日,50,因为这个游戏捕获到男朋友
DouGG,2018年3月27日,50,躺鸡真好吃
捧哏～,2018年3月29日,10,晕3d人员表示接受无能
铁人28号,2018年3月30日,20,很傻逼
[已注销],2018年4月3日,50,《绝地求生》确实是目前市面上最好的大逃杀作品，它的唯一问题可能只是优化（但这点也随着更新有所改进）。
影中世界,2018年4月4日,30,当初跟风买了这款游戏，然后也并没有心思去玩，偶尔进去玩两把，也觉得一般般吧
硬核Emoki,2018年4月4日,30,怎么说呢，作为休闲这游戏不够爽，总担心背后有人阴你，战战兢兢玩两把弃
Arsene,2018年4月7日,40,当社交游戏玩了，游戏本身不是特别喜欢
孟德斯鸟,2018年4月9日,30,也没啥意思，场地互动太少了感觉
无敌关凤,2018年4月9日,50,可谓是创时代的游戏哦
李守中,2018年4月14日,30,不入戏。。
CaptainPoet,2018年4月20日,30,大逃杀题材游戏里可玩度最高的之一，值得90分，扣10分优化，扣20分官方对外挂的治理水平。60分及格吧。
苏大强,2018年4月20日,30,体验不好，建模丑出天际，相当枯燥无味了。
妙旨先知,2018年4月21日,50,即便是外挂也无法阻挡的真实游戏
终焉,2018年5月5日,20,挑战LOL失败
Xovee,2018年5月7日,30,在X1S上玩的，当时周末免费，玩了几盘，甚至还吃了一盘鸡。不过优化感觉很差，宿舍网也不好，手柄操作难受，没有购买的欲望。
O型血,2018年5月9日,10,不如《正当防卫2》好玩。对面宿舍挺喜欢玩，组队一起玩。
随风而去,2018年5月15日,50,大逃杀应该会成为主流游戏
鱼进锅,2018年5月15日,40,一个人玩太艰辛了 知道会死但不知道什么时候死的感觉是很煎熬的…
King Arthur,2018年5月16日,10,原本可以打五六分的，但是既然误封我的号申诉又不理，一星拿好。
YcStone,2018年5月20日,50,怎么说呢，小时候我一直想如果不做科学家就去做游戏，做一款捉迷藏的游戏。
微笑刺客,2018年5月28日,40,除了挂，除了各种tpp，还行，体验一般
q月p狂,2018年5月29日,30,现象级游戏 忍不住跟风玩了一段时间 感觉游戏体验很差 捡装备20分钟 死于1分钟 。
解放碑小福神,2018年6月2日,50,和朋友一起战斗的一天又一天。
Ht,2018年6月3日,40,做得真的很逼真，画面声音都很好，让人有真的有在大逃杀的感觉。不过对于枪法拙劣的我来说，如何杀到一个人成为了最大的挑战。挂太多就不说了，毕竟我还没到需要关心外挂的水平。
sunnie,2018年6月5日,50,沉迷于国际服不能自拔 最近这周组了中越韩小分队 愉快的天天吃鸡 每天都在荒废我的睡觉时间~
香蕉我是芭蕉,2018年6月22日,50,优化有待加强，外挂太多是硬伤。不过现在讲创新，pubg做得可以。
阿南,2018年7月6日,40,有一起吃鸡的吗？ 98k 8倍镜 消音给你。 满配m416给你。 三级甲，三级头我都留着给你。蓝色冰阔落，肾上腺我都替你备着。空偷我替你抢，包你先舔，烟我会封，子弹我替你挡。
清乙,2017年3月30日,50,唤起我求生欲的游戏
菲氏橡皮糖,2017年3月31日,50,饥饿游戏。取代黎明杀机成为跟基友组团刷感情的新宠。
钊鸽,2017年4月8日,40,看人玩过。这画面比H1Z1好多了呀，用来开黑非常欢乐。
小丑,2017年4月10日,40,不错不错，刺激刺激，就是节奏慢了点
ペロペロミナミ,2017年4月22日,40,Q叔太bug了。今晚吃鸡！
纳古鲁玛西朵,2017年4月23日,50,枪法不好只能蹲点
黄药师,2017年4月29日,40,如果blue hole能解决掉渣优化和蹲人的时间并不有趣的问题的话这款游戏还是不错的，至少目前看来潜力很大，如果能多出几张图，多点随机事件就更好了。
冰冷的活人,2017年7月16日,50,辣鸡游戏！
阿猪阿驼,2017年7月23日,50,自从入手，每晚餐桌都要有鸡（吉利）04
吉{,2017年7月29日,40,落地成盒
白鲸,2017年7月31日,30,就很适合我这种高手速玩家，不论冲锋枪、步枪甚至手枪，给我10发子弹，还你世界和平。
Twist,2017年8月2日,50,"一开始玩是个恐怖游戏…   然后就… 上瘾了20170806重评   我相信这是下一个LOL… 20180714重评   这不可能是下一个LOL…"
堕落天使NierB,2017年8月2日,50,FPS眩晕患者 玩完尽然厕所去吐了 我是真的吐了 应该是蛮好玩的 他们都吃到鸡 我是真的吃鸡然后吐了，
Deseos.,2017年8月7日,40,热评即心声啊！拾荒1小时见面1秒死，我的内心是崩盘的。
Rhythm_,2017年8月14日,30,好玩是好玩，就是优化太差了啊
abing,2017年8月15日,40,优化实在太差了大哥
呢呢呢,2017年8月30日,0,没有一个人觉得这个游戏和日本电影大逃杀类似的吗？完全是电影翻版嘛
Oneby,2017年9月2日,50,西南十一伞王
冷泠寒,2017年9月8日,40,说是生存游戏，其实是射击游戏
墨梓,2017年9月20日,0,小龙虾
北copy,2017年9月23日,50,我！要！吃！鸡！
夏休,2017年9月24日,40,跟朋友一起才玩一下的，作为大逃杀类游戏，我觉得还没到达我心中的要求。运气是我很讨厌的游戏属性。
柴火烧尽，缘尽,2017年9月27日,50,从菜鸟都吃鸡。哈哈哈
晓修休,2017年10月6日,50,这个玩法，轻松而持久，感觉逆袭LOL也是指日可待啊
咪小熊,2017年10月25日,40,fps类游戏需要很高的同步率，所以很多运算都是在本地完成的，所以才外挂泛滥，屡禁不止，能和好友一起吃鸡也是一大乐趣
词休,2017年11月7日,50,在等沙漠地图
发条钟,2017年11月19日,40,反正我吃不到鸡就赖外挂
艾吉奥,2017年11月29日,40,本来一切都好 但是给了腾讯了 草
提莫队长,2017年12月2日,40,放心把后背交给队友，把后臀交给平底锅。这是一个98买的最划算的游戏，但是唯一美中不足的就是作弊挂太多，有点恶心
想泥,2017年12月10日,40,没吃过鸡，嘤嘤嘤
Donvel,2017年12月27日,30,透nm的修仙游戏
y蛋超人Mercury,2018年1月24日,50,更新：不玩儿的时候想的很
locoyou9,2018年1月25日,50,沉迷吃鸡
bubblegum,2018年1月28日,50,真不亏
u兔,2017年3月28日,50,特效全高无压力・・・不过没开到极致・・・目前服务器还有点烂，有时亚服会连不上，不过刺激好玩・・・服务器弄好后我再来修改评分。
八千,2017年3月30日,40,现版本优化很差 但是玩起来还是非常有意思的 超沉迷
蓝色果冻,2017年4月9日,40,我的求生欲，最近有些强烈
走着走着,2017年4月11日,30,新游戏吧，讲真优化做好真的比什么都好！960 刚开始很吃力。
xDa,2017年4月11日,30,好游戏，渣优化，一个游戏卖1000000次，要点逼脸吧，不说了，我玩去了
柒,2017年4月11日,40,优化有待改善，但真是带劲！
扣肉,2017年4月11日,50,4人组队完全就是战术军事射击游戏，心头爱啊
St☆r,2017年4月14日,30,想试试这款ARM DAYZ H1Z1联合的巨型游戏，可又下不来决心变成喜+1，为什么说是巨型嘞，，，，因为980TI  1060的都带不动它，而且画质也没有BF1腻害啊~这特么不是坑钱嘛！！！
WmIwd,2017年4月19日,50,就等新电脑啦
刘老歪,2017年5月4日,40,四星，因为优化渣。
DiamondDogs,2017年5月4日,30,大吉大利 今晚吃鸡 游戏其实感觉一般般 但最重要的是 steam的玩伴都在一起玩 游戏的娱乐性最重要
自闭儿童,2017年5月8日,0,吃鸡
忘了了,2017年5月8日,40,沉迷吃鸡
仇雨声,2017年5月9日,50,经典的“我在哪、谁在打我、我怎么死了”（据说这游戏一个多月已经卖了200万份+）
一只帅鸽,2017年5月9日,40,开黑乐趣多  rua!
bananan,2017年5月12日,40,够好玩，但优化太差了
Miss Daiquiri,2017年5月13日,50,能侥幸前25就不错不错的啦
甩甩先生,2017年5月14日,50,跳伞吃鸡吗 即使一剧一分钟 也舔的停不下来
legolas,2017年5月15日,40,周末两天完了17.5个小时，优点是几乎没有上手难度，五分钟就了解了大部分操作，而且非常容易上瘾，本想下午随便玩玩，结果就玩到了凌晨。缺点是第一要挂加速器，直连卡不卡随缘。第二是优化也太烂了，我i7-4770加GTX1060的机子，动不动就掉帧，简直了。
无风默默,2017年5月18日,0,全是LYB!!
-,2017年5月20日,40,见面就死系列，ue4做的游戏基本没有优化的好的
心跳女孩陶华碧,2017年5月20日,50, 暂且给5分 毕竟阁主送我的 嘻嘻
昭昭,2017年5月20日,50,永恒的梦，十五倍镜和吃鸡和不卡。
超弩级现充紊,2017年5月21日,50,大吉大利，晚上吃鸡ww
[已注销],2017年5月22日,40,还行
,2017年5月23日,30,优化负分
　　　　　,2017年5月23日,50,治好了我多年的晕车
安得轻举继清尘,2017年5月24日,50,沉迷吃鸡无法自拔，过去一周居然有6天在玩吃鸡
Lipde&#39;72,2017年5月25日,40,这种有毒的游戏类型根本不能碰
Leslie.x,2017年5月26日,40,真正意义上的大逃杀，可玩性超高，优化开始实在是差，现在也在慢慢完善了
seasar,2017年5月28日,0,看鹅玩和自己上完全是两个游戏，拾荒半小时见面送对手，安心当一个腿部挂件中。あの人！join us！
油漆君,2017年5月28日,40,挺好玩的，玩过育碧的幽灵行动荒野后突然觉得画面有点渣，还有就是人物的动作尤其是跳跃，感觉很呆板。相信以后会越做越好的。现在唯一不满意的就是碰到用外挂的真的死的很憋屈。
生活是种态度,2017年5月29日,40,这游戏太难了。。
月月轻松,2017年5月30日,30,死于闪退
whalephall,2017年6月1日,40,孤岛版黑暗森林。
好吧~,2017年6月5日,40,全程躲猫猫
爱的岛,2017年6月5日,50,挺好玩的，可刺激
ヘ音号,2017年6月7日,50,和基友一边吹比一边组队生存，还是很有意思
YoungFor,2017年6月8日,0,没时间解释了，快趴草。
饼叔,2017年6月11日,40,在军事模拟和竞技之间找到了微妙的平衡。更强调枪械，弱化了搜集和制作，把玩家从无谓的搜集里解放出来，这点比他的前身做得好，而且射击更佳带感刺激。神作
sparrow,2017年6月11日,50,大吉大利今晚吃鸡
S.ue,2017年6月14日,40,包还是要舔的！
天卫一,2017年6月14日,50,可以说是做得非常棒了 好奇以后的内容更新 开拓新的战术思路
Gency,2017年6月14日,40,这个游戏叫做我在哪，敌人在哪，谁在打我，我在打谁_(:з」∠)_
Creep,2017年6月15日,50,你有一份豪华快递到了~
ハルマキ,2017年6月17日,40,节奏很好！
奈德来福,2017年6月18日,50,好玩爆了！
恐怖食人大火鸡,2017年6月18日,30,玩法还不错...但这优化差到爆炸！图像质量开最低都卡得不要不要的...8G内存依然占用率98%，电脑一度濒临崩溃...不能走点心吗！！刚玩不到1小时就申请退款了（另外刚进游戏还没几秒呢就听到了“sao ni ma”和“china no1”...
[已注销],2017年6月19日,50,吃鸡的加我   
卖黄瓜汤的,2017年6月19日,50,逗比
子羊,2017年6月20日,50,预计这个类型还能风靡几年，游戏在纵向上的扩展只限于战略选择，大量的横向扩展设计增加用户黏性和降低挫败感
Isaac_N,2017年6月21日,50,谁在打我，我怎么死的//划克
生玲,2017年6月22日,40,晕晕晕
⑦,2017年6月24日,30,...老被阴
Zclhit,2017年6月26日,50,生存，就是唯一的法则
风眠,2017年6月27日,40,大吉大利，晚上吃鸡
lyt777,2017年6月27日,50,不能自己做绷带这些开放性不如H1Z1 但是金币奖励制度还蛮喜欢的
零,2017年6月27日,0,游戏名：快递员模拟器。自定义模式还是挺不错的
Webboy,2017年6月28日,0,吃鸡很火，early access不说，这种勾心斗角对打我总觉得怪怪的，先不给分吧。
anonymous_user,2017年6月28日,40,WINNER WINNER CHICKEN DINNER!
r(st)q,2017年6月28日,50,“谁他妈在打我”
昨夜,2017年6月28日,50,4.8  躲在房子里拿了第五，什么时候能一人不杀吃个鸡
--7,2017年6月28日,40,拾荒一小时，见面一秒死
[已注销],2017年6月28日,40,准备配电脑~~~要不还真带不动
贰蚊。,2017年6月29日,50,忍了N天还是买了~~~~~~
息,2017年6月29日,50,吃鸡
:D,2017年7月1日,40,其实优化挺差的 有时候还会出现卡声卡的现象 但是枪支以及配件的种类真的很多 如果交互做的自然一点 优化多一点就更好了 （不过小公司嘛已经很厉害了）
cyan,2017年7月2日,40,不要加速器就好了啊啊啊
斯里兰卡豆腐脑,2017年7月5日,40,没有基友就别买了
=),2017年7月6日,40,和朋友开黑的话真的很开心
新干线孙主任,2017年7月7日,30,小房间互相蹲吓得我心脏病快犯了。
shei,2017年7月7日,50,如果我能看得见
雅各布,2017年7月8日,40,今晚吃鸡
波莉安,2017年7月11日,40,迷之搞笑哈哈哈
UNiVeRsE,2017年7月11日,50,晚上吃鸡！
淋しい猫,2017年7月12日,50,刺激~
想吃N,2017年7月12日,40,中毒性太大
Mochi NO,2017年7月13日,0,大吉大利晚上吃鸡 准备多玩玩 毕竟98块
Matteo,2017年7月15日,50,单排不好玩 要和朋友一起开黑才有意思
小黑脸,2017年7月15日,30,渣优化
无趣者,2017年7月16日,40,很火啊，希望不要被外挂毁了
嫣然不由钟,2017年7月16日,50,100小时后才有自己的策略，想法和进攻性
寂消静死,2017年7月16日,30,老阴b专场，画质不咋滴，7g的大小优化倒是屎一样，估计我也玩不了多久
vancleecheng,2017年7月16日,40,垃圾游戏全靠阴人
溪岛,2017年7月16日,30,玩第二局，solo，88人，直接空投进最小圈，杀二人，吃鸡。国服的绿血真蛋疼，十年前估计会玩几个通宵，现在，做不到了……
大象席地而坐,2017年7月17日,40,抢先体验阶段，先给四星。
Edmund.D.Yang,2017年7月18日,30,毒
大痞,2017年7月18日,50,神作，游戏时间已经超过300H，天天玩不会腻。
赤脚老农,2017年7月19日,50,我一直坚持认为FPS的玩家对战游戏可以在CS的模式之外挖掘更多，某种程度上这款游戏做到了
fateV,2017年7月20日,40,决定写篇杂记 2017/07/20
Sunshine State,2017年7月22日,50,盲人游戏
丧妮,2017年7月22日,50,敲棒 音效的细节 环境的仿真 太真实了，紧张到窒息。
咔哒咔哒,2017年7月23日,50,开创了一个新的游戏品类
Hannah,2017年7月24日,40,远程和家人一起娱乐，算是不错的游戏。
Morph,2017年7月24日,40,扣一星优化，其他满分
Fity,2017年7月24日,0,一万年没开过了，玩不来
猫薄荷666,2017年7月24日,50,大吉大利，晚上吃鸡！（吧）  目测2017年度最佳
Darkavenger,2017年7月25日,50,刚玩被杀成狗， 还是很上瘾啊
方锵锵,2017年7月25日,10,垃圾游戏，外挂横行，厂商不管，代理无耻！
inkhk,2017年7月25日,40,大吉大利 今晚吃鸡！
wengwengweng,2017年7月26日,50,第一把  四人组队就吃鸡了，第二把  飞机上跳下来就摔死了！！
Lvytin,2017年7月26日,30,吃鸡吃鸡
繁星未泯,2017年7月27日,50,7月初的时候因为LOL玩厌了入了坑，现在每天晚上打到睡觉，已经玩了70+小时了。
三X,2017年7月27日,40,谁在打我！
[已注销],2017年7月28日,0,借朋友号打了几把。
lala,2017年7月28日,30,大逃杀模式不得不说最近很火，游戏确实好玩美中不足的是优化太差 服务器也老是炸 
内墨丸子,2017年7月28日,50,无法自拔
Naza,2017年7月29日,50,谁在打我？
farewells,2017年7月29日,10,只因为我们动了下大嫂的屁股，暴怒的大哥跳起来按住鼠标左键（无需开镜、肩射或是腰射）我们四人便应声倒地。
JoeBlack220,2017年7月29日,50,是~谁~在~打~我
=。=,2017年7月30日,40,吃上鸡了 打个卡
LUMBAGO,2017年7月30日,50,这游戏对我来讲是休闲游戏，只要有把喷子我就可以在小房间门后趴十几二十分钟，一直趴到前十。apm个位数。
Y,2017年7月30日,50,没火的时候还是很好玩的
Chank,2017年8月1日,50,稳坐大逃杀游戏第一把交椅
Slayer,2017年8月1日,50,跟朋友开黑真的巨搞笑。但是我这种耿直的菜鸡总是第一个献祭，捡了一饼药最后吃都吃不了，突然就被神秘力量爆头。
eviloan,2017年8月2日,50,吃鸡吃鸡
十万个不知道,2017年8月2日,40,看某二货吃鸡，，吃又吃不到，心里捉急
高旭|,2017年8月4日,50,太JB好玩了
freaky&amp;elegant,2017年8月4日,50,沉迷中
小健,2017年8月4日,50,那个孟宇弟弟的评论太逗了，tx代理只是，不可能改动平衡，而且现在tx代理又失败了，这游戏我除了服务器和优化挑不出任何毛病
德芙,2017年8月5日,30,模式有趣，但是优化太烂，主要还是因为没吃到鸡
Karasu,2017年8月5日,50,落地成箱
爱幻想的天秤座,2017年8月5日,50,大吉大利，晚上吃鸡。
愉悦de小我丶,2017年8月7日,50,前10个小时不知道怎么死系列
拐了,2017年8月7日,40,其实大多数时候都在四处找装备、跑图，胆小的我经常能苟活到前20……
死涵,2017年8月8日,50,需要一台27寸显示器
忾L3.3,2017年8月9日,50,您的AKM正在揽件中
Lux,2017年8月9日,50,我是谁，我在哪，谁在打我。
长岛冰茶,2017年8月9日,50,想当一回快递员
Patrick,2017年8月10日,40,首把就吃到了呢…
神乐的鼻涕,2017年8月12日,0,今天终于吃上94
佚名,2017年8月13日,40,目前为止拿了个第二名然后被自己手里的炸弹炸死，真是被自己蠢哭了
[已注销],2017年8月14日,50,呵呵 希望每把吃鸡
塔斯,2017年8月14日,50,能苟一秒是一秒
Smiletalker,2017年8月14日,30,大逃杀类游戏的终极。优化的不好。吃不到鸡。
ぃ,2017年8月15日,30,优化再好点就妥了。
陨之希留,2017年8月16日,50,"如果我能活着赢下这场战争,我就回来娶你"
行走的嬉皮士,2017年8月16日,40,从未吃过鸡！
风陵波,2017年8月16日,30,第三人称射击+PVP，这种游戏的射击手感永远都是一个大问题
万俊成,2017年8月16日,30,大吉大利，晚上吃鸡！
防雨中,2017年8月16日,40,游戏体验极其不好
馋猫先生,2017年8月18日,40,这游戏容易上瘾！但是游戏难度很大，初期体验非常刺激，但是玩久了就发现根本打不过那些厉害的人，像我这样的普通玩家只能做LYB，然后祈祷别人买看到自己，30个小时终于第一次单排吃鸡成功！
xhy,2017年8月18日,40,腾讯代理 希望不要加一些“特色”吧
Crystal,2017年8月18日,50,这个游戏告诉我们一个道理
罐K,2017年8月21日,30,ummmmmmmm…不是很对胃口
SUBEER,2017年8月21日,40,431小时 不玩了
饕餮暴血,2017年8月21日,50,已充分体验到游戏乐趣
Rubin,2017年8月22日,50,玩了150小时第一次吃鸡后才来评价。游戏虽然有着种种优化的问题，但是这样一款上手容易玩好了难的游戏真是太有魔力了，根本停不下来！游戏模式简单，枪械系统也不复杂，还有很多看人品的地方也让游戏充满了很多变数，假如能把优化和服务器问题搞明白了，甚至能比肩LOL
Rui,2017年8月22日,30,搜刮半小时 决斗两分钟 优化极差 堪比泰坦陨落6
城东不斗少年94,2017年8月22日,30,负优化！
该摸了,2017年8月23日,50,跳伞模拟器 快递模拟器
68θ06νη,2017年8月24日,50,妈的谁打我！？
枝 荔 °,2017年8月25日,50,3D晕眩患者玩了2天9把就单排一把手枪吃鸡了！美滋滋！
[已注销],2017年8月26日,40,绝地大蹲坑，人品技术都不重要！就看你挂不挂VPN
长泽肥美,2017年8月26日,50,？？？吃鸡也能评论的吗！
YipJoe,2017年8月26日,10,驾驶手感太可怕 bug太多 优化太差 后座力做的跟屎一样 开车时候还时不时撞到空气墙  制作人是不是靠着我国的“开局一条命，装备全靠捡。”的页游来捞金？那么好的题材可不可以用心点呢？
我不会记得,2017年8月27日,50,进场不要浪，等神仙打架完了再出去...
AskLan,2017年8月27日,30,创意很好..外挂很多..游戏体验越来越差..蓝洞这个小作坊只会让游戏越来越凉吧
YSY,2017年8月27日,20,服务器差外挂多。做了半天翻墙动作做不出。现在又和腾讯搞在一起。傻逼！！！！
大尾巴,2017年8月28日,50,大吉大利今晚吃鸡！
凉凉成盒,2017年8月29日,50,从未吃过鸡
任之初 2.0,2017年8月29日,50,这是一款跑酷、飙车、搜集、捉迷藏类的恐怖游戏。
B12_T2Phage,2017年8月29日,30,垃圾游戏！！！！再也不玩了。玩了几盘头晕的不行…场景根本没有细节，平地跑毒被打死简直没得救。再也不玩了！
小斑斑君,2017年8月29日,40,跑步模拟器+快递员
licheng47,2017年8月31日,40,优化比较差，没想象中这么好玩。
一栊,2017年8月31日,50,对于我这种最讨厌FPS的人来说，也觉得很好玩！不一样的人可以有不一样的方式，比如我就喜欢躲着，你们去打，我就躲着，装一书包垃圾。更喜欢看别人玩！
dio吧哒,2017年8月31日,40,妈呀，民意。（这算我玩的第一个真正意义的游戏吗？
Salt+,2017年8月31日,0,苟...
梅姨,2017年9月1日,50,这个游戏太好玩了......但其实大部分人只是在里面跑来跑去
txishuo,2017年9月1日,0,我才不喜欢玩这种，简直晕3D呀
带鱼,2017年9月2日,50,只求腾讯做代理吧
走叉口肃,2017年9月3日,50,真是个“拉鸡”游戏
桃花剑仙,2017年9月3日,40,游戏要求硬件之高，对应画面之粗劣，射击反馈之疲软……只能说游戏模式还是蛮有意思，满足了小时候玩儿捉迷藏的猥琐心态。暂时先无视纱布一般的头发细节，所有枪都像手枪一样的后坐力反馈。
卡斯特梅的雨季,2017年9月3日,30,果然相对于竞技类游戏，我更喜欢艺术类游戏。
Z.,2017年9月3日,40,大吉大利今晚吃鸡这句话被无限尬用，哪都能插一句。
imp,2017年9月3日,50,大吉大利晚上吃鸡 有毒
Damn,2017年9月4日,50,钱花的比较值。
这里是大池,2017年9月4日,30,本来想打两分，是因为韩国蓝洞游戏真的很贱靠你大爷的出了简中锁国服，游戏优化还差的一匹好在现在慢慢在改进优化。论一个游戏带动硬件厂商的发展以及网吧硬件的换代潮。
风胡子,2017年9月4日,50,最近手感爆棚杀了好多！
有只水母,2017年9月4日,40,吃鸡吃鸡。
白纸白字,2017年9月5日,50,游戏本身只提供了环境、道具和一个吃鸡的目标，所有的紧张、恐惧都来自于玩家间的博弈，与人斗其乐无穷
323330,2017年9月5日,40,想要死亡回放功能。看不到谁打死的，没办法总结下次怎么挑选掩体，也不知道对方是不是用了挂(也是目前外挂猖獗的原因之一吧)。
鲸鱼大白,2017年9月5日,0,我玩了！我为了玩这个游戏专门跑去网吧！（这辈子去网吧的次数5次以内吧）不说我的烂操作了，关键是我晕3D啊！！晕死我了，就去房子里搜了一把手枪就晕的搜不下去了，所以我拿着手枪怎么杀人嘛！！晕游戏真的太煎熬了，巴不得早死早超生，这游戏与我无缘了，我还是看别人吃鸡 吧.........
平衡,2017年9月5日,50,沉迷上瘾至今未能吃鸡！
老夏天,2017年9月5日,50,为什么Ticooo的第一次不是和我玩的，好生气啊！
xiaoliable,2017年9月7日,30,直播人人吃鸡，cp可玩性很高。。
LEGENDARY,2017年9月7日,50,（我是谁，队友在哪，谁在打我）
Xxx.,2017年9月7日,50,吃鸡！！！吃鸡！！！
平添彷徨,2017年9月7日,40,游戏规则和玩法真的很不错、巨好玩、可惜游戏的优化真的让人想骂娘
字梧,2017年9月8日,10,如果出了死亡回放模式就给好评
略略略biubiu~,2017年9月8日,40,躺吃鸡说的就是我
蛤根大丝,2017年9月8日,50,优化令人捉急（也许是我没钱上1080ti吧）
Zed,2017年9月8日,50,自从玩了吃鸡，就上瘾了。。。
Multi Mulberry,2017年9月10日,50,纪念一下！今晚自己买了游戏，第一把四排最后用SCAR扫了两个人大吉大利吃鸡了！啊呜呜呜呜呜呜高兴！
Cpt.Haddock,2017年9月10日,50,还是伏地魔稳
PeepKID,2017年9月10日,50,游戏名字应该改成：铁人三项模拟器
仰沸,2017年9月10日,50,真的做梦都在吃鸡哈哈哈哈哈哈开黑最好玩
[已注销],2017年9月10日,50,因为游戏认识了男朋友。今天，男朋友的生日，和他双排吃鸡。他5杀我2杀。2017.11.21/但另一局我把他卡着导致他被屠杀，回学校的路上被骂了QAQ/昨天单排第二差点吃鸡（再接再厉
H性恐怖份子,2017年9月11日,50,"火迫金行,大利西方。"
FPPP,2017年9月11日,0,。。
水果宾治武士,2017年9月11日,20,玩这游戏的人，想必是游戏玩家当中的游戏贵族。配置要求死高，优化差劲，开加速器才能流畅运行，种种要求让人望尘莫及。
wisdom,2017年9月12日,50,哇 买啦
Ryekoon,2017年9月13日,40,游戏体验极差（。）
,2017年9月14日,30,吹的人太多了，怕是没玩过好游戏？  客观的说，这游戏开黑很有趣，游戏模式也很有意思，但游戏开发的真的是粗制滥造啊，贴图和模型真的太反古了，游戏制作组水平堪忧，很希望各种优化后更多人玩，而不是就这样火一把就没了。
水浊即墨,2017年9月15日,50,希望评论负责一点：光靠苟进前四十是很容易的，但如果你没有控车是很难光靠苟进前二十的，而如果没有足够的策略或者硬实力，靠苟进前十除非运气很好（天命圈）基本是不可能的。至于吃鸡，策略的枪法缺一不可，或许有人可以靠运气吃一把鸡，但觉得没有第二把。
夏木,2017年9月15日,50,然而并吃不到鸡
湘江日暮,2017年9月15日,50,今天发工资了就买电脑吃鸡
2彬先生,2017年9月15日,50,毒性深重
奇爱博士,2017年9月15日,50,这个游戏是真的有毒
放学第一个跑,2017年9月15日,40,最大的特点就是所有人都能参与其中并能快速找到适合自己的玩法，游戏性大于竞技性。
孟飞升,2017年9月15日,0,果然无法理解乐趣何在……作为一个经常玩独立游戏的非画面党都觉得网游们的画面渣的一逼……我还是老老实实玩单机吧……退款退款
烦人球子,2017年9月15日,50,【游.2017-3】加入吃鸡大军。
鱼翔潜底,2017年9月15日,50,steam买的第一款游戏，游戏模式很不错。
巴光斯年,2017年9月15日,50,大吉大利晚上吃鸡！
resser,2017年9月16日,50,什么都好 就是外挂太猖獗 还有就是千万不要玩亚服 全是lyb 游戏也很吃内存 8g+12g虚拟内存有些时候还是会崩溃
半人马座比邻星,2017年9月16日,30,这是个好游戏亚服阴逼确实多，门关着、资源齐全也小心点，老夫被吓尿好几次。玩的时间一长、你会觉得没意思了，大家都老阴着有意思吗？还有外挂真的不管管吗？老夫真的该换电脑了。
二见钟情,2017年9月16日,50,很喜欢玩 很刺激 真的之前玩h1z1就很喜欢这之类的游戏 这个出来后就喜欢上了真的好玩
kk.,2017年9月16日,30,还行吧，这个模式很多游戏的社区服就有了，被h1z1发扬，就是最近太火了，涌入了一群tx玩家，太弱智
陌路,2017年9月16日,40,666
malike,2017年9月16日,40,游戏优化太有问题，胜利机制也得改一改，不然一辈子也别想吃鸡。
浮云幻方,2017年9月17日,50,不错的游戏、如果不卡就好了
丑娃,2017年9月17日,50,大吉大利，今晚吃鸡
吴泽木Wozemo,2017年9月17日,50,游戏本身做到了很优秀，加上某1铺路和某L 过气，共同成就了“吃鸡”的成功。运营保持目前的更新频率和质量，这个游戏最少火三年。唯一的不足是优化方面有待提高。
Blond,2017年9月17日,40,不足的是没有夜晚
陈东,2017年9月17日,40,我是谁，我在哪儿。谁在打我？
图样,2017年9月17日,40,优化太差，扣一星
幼稚@小孩,2017年9月17日,50,第一次入坑这种射击游戏，真的很欢乐，而且有毒，不知不觉就通宵95
星*,2017年9月17日,50,好玩
Way-Kwok Chu,2017年9月17日,40,= = 本人很菜玩多了还晕吐，我最终是不适合fps游戏
笙歌醉梦,2017年9月17日,50,Winner Winner Chicken Dinner!
Nero,2017年9月17日,50,上瘾的游戏
文刀火,2017年9月17日,50,你离开后这游戏再火再好玩我也没玩过了，还答应过要带你一起吃鸡的。因为ID是liuluismybaby，我怕我会崩溃
游游,2017年9月17日,40,3.5吧。朋友一起玩比较有意思
Pu,2017年9月18日,50,晚上吃鸡
red,2017年9月18日,50,垃圾游戏耗我金钱费我青春
三月喜士多,2017年9月18日,50,手残+眼残患者的游戏体验很不好
Yoyo,2017年9月18日,50,五星推荐 欢迎入坑！
对对对你们都对,2017年9月18日,50,第一把进去什么也没看就跳了，然后装备不知道怎么捡，全程赤手空拳猥琐走位一直活到18才被干掉 #捂脸，后来看老E的视频才知道，原来有这么多操作，好希望这游戏可以进电竞比赛啊
撸一切有毛狂魔,2017年9月18日,50,一个目前来看可以说是现象级的游戏，唯一的黑点仅仅是优化太垃圾。一个很大程度上可以依靠战略和决策弥补操作和枪法缺陷的游戏，对于空有一身经天纬地大局观，枪法菜如狗的老年选手，尤其友好。当然，说的就是我啦。
eastcook,2017年9月18日,50,苟起来
于山南水北,2017年9月18日,40,刺激 ，本一开枪就呼吸急促的路痴还是远离吧
峨眉周杰伦,2017年9月18日,40,跪求速度优化
正义小飞侠,2017年9月18日,50,谁他妈的在打我？
Neo,2017年9月19日,50,良心引擎
三月五日,2017年9月19日,30,九成时间都在捡武器
Psycho,2017年9月19日,40,bug太多 优化太差
Kive秋邱,2017年9月19日,30,lyb，gb
[已注销],2017年9月19日,40,其实想了一圈还是刚落地和人肉搏的时候最开心
555175,2017年9月19日,50,无敌
陈无奈,2017年9月19日,50,吃鸡或者变盒
无聊乱逛,2017年9月19日,50,真赤鸡
SuuuuperMario,2017年9月19日,40,搜索“吃鸡”便可找到该游戏
Chris,2017年9月20日,40,好玩就是优化太差
Shine,2017年9月20日,50,符合一个男生从小到大的游戏期待！！
Spook,2017年9月20日,50,钢枪之路
不可诗意L,2017年9月20日,40,吃鸡的方法很多，玩起来也紧张刺激，能火起来也并不奇怪，可游戏优化太烂是硬伤。不过，的确是款成功且优秀的游戏。
齐天大腰,2017年9月20日,0,快递送的越来越6了
大意,2017年9月20日,50,这个游戏对于我最大的乐趣在于捡东西。
弛弛,2017年9月20日,50,今年最火的游戏，除了鼓掌，还有什么好说的呢？纯粹的游戏体验，紧张抓人的节奏，生与死的转换，以及再来一回合的上瘾感。
叶湘伦,2017年9月20日,50,一个沙盘游戏，可以看穿一个人的性格。不过一个测试类的游戏，优化那么差，还要98块。
Deepwhite,2017年9月21日,30,垃圾服务器！垃圾优化！0杀吃鸡，你值得拥有。誓做万年伏地魔45(31)47
DrAcuLa,2017年9月21日,40,非常适合中年人玩
hf,2017年9月21日,50,非常好玩
靠北真希,2017年9月21日,0,玩儿了八个钟头一次鸡没吃上，最好成绩是在海边悬崖上苟到第二名然后对枪被点死，作为一个（自称的）FPS老玩家羞愧地想钻进固态硬盘里
The moviegoer,2017年9月21日,40,居然让多年不玩游戏的我又有了那么一点点兴趣。
爱吃西瓜shine,2017年9月21日,40,你们不晕吗？我玩了两把差点吐了。。。还有我刚买的，能退吗？
憨憨怪,2017年9月22日,50,"Winner,Winner,Chicken dinner!"
母胎SOLO,2017年9月22日,50,苟苟病毒
百里西,2017年9月22日,40,游戏五分，优化真的差，还30月供，无奈02
Vera,2017年9月22日,40,啥时候能优化好点。。落地每次都慌张地不行。。另外飙车感觉太棒了我擦！最喜欢的枪是vss！！！！！！
空r,2017年9月22日,50,fps游戏的里程碑
UM,2017年9月23日,30,优化较差
din.ner,2017年9月23日,30,我是l 我在哪 l在打我
Evanesce,2017年9月23日,50,中毒......
沉墨,2017年9月23日,40,大学这几年能碰到这游戏和这些朋友也算运气好吧，一把时间也不长。求求你的优化好一点。
小河人,2017年9月24日,50,看了四天直播？就当我玩过啦90
vijkfyq,2017年9月24日,10,不如玩鸬1呢，至少能w突突突的快感
Turinx,2017年9月24日,40,服务器减一星。
biatch,2017年9月24日,50,配置要求较高，玩法新颖，优化的进步可以看出蓝洞在不断努力
玩意儿,2017年9月24日,50,大吉大利，今晚吃鸡！
MilkyWayImage,2017年9月24日,40,lyb真多
我是不是有号了,2017年9月24日,40,完全停不下来
你说你愿意,2017年9月24日,50,不说了，我吃鸡去了！
Six feet under,2017年9月24日,40,看到关注的人评论挺高。抽空看
Morgan,2017年9月24日,10,类生存游戏集大成快餐之作，吃相难看，运营服务体验极差。
一块青苔。,2017年9月25日,50,最好玩的游戏
话都你在说,2017年9月25日,50,一人开车特技带翻全队的时候我就觉得这个游戏太适合开黑了
实事求是,2017年9月25日,50,好玩
五角场甄姬,2017年9月25日,50,好
一片太妃糖96,2017年9月25日,0,看过实况，吃鸡哈哈哈
自闭切,2017年9月25日,40,"游戏教给你的真理：好死不如赖活着。顺便求队友"
眼泪忘了,2017年9月25日,50,好玩
恶魔爱子,2017年9月25日,30,贵在真实的一款游戏，玩法十分丰富，娱乐性和观赏性都很强，即使没接触过fps的玩家也可以很快了解，大逃杀这种玩法实际上贼有刺激感，没有人会知道敌人下一秒会出现在哪里，到底哪种方法会赢，很考验人的综合素质（然而这个游戏最近全是老阴比苟在房子里碰运气，请问这样玩即使第一了还有意义吗？
桨声灯影,2017年9月25日,40,容易上瘾的游戏，有意思。就是有点晕。。
马克,2017年9月25日,50,我不想再当快递员了！
Miserable Lie,2017年9月25日,40,盒子成精
小鸡啄米,2017年9月26日,50,完爆屁股
桐谷启二,2017年9月26日,50,你a我a大家a
七斤六两~小灰,2017年9月26日,10,教练，我想买死亡回放（2017）。教练挂能不能少点（2018-12）
群来群往兮,2017年9月26日,40,核心玩法有趣人气旺，吃配置和加速器，单排心累，上手快～
[已注销],2017年9月26日,50,当空投在自己身边的时候，智商是为0的，这时候只要蹲在一棵树旁边，就会有几个快递送上门
蒸莶,2017年9月26日,50,除了用平底锅砸就只会飙车和苟到死了o(s□t)o
少女哪吒爱闹海,2017年9月28日,40,苟且偷生
终结者徐先生,2017年9月28日,50,玩了一次就上瘾啊
TongueTied,2017年9月28日,40,我是如何发现自己没有FPS天赋的
金水,2017年9月28日,50,一个人只能苟，没办法，不怎么会玩
Lujor.,2017年9月28日,40,嗯，有点上瘾了
东岸往事,2017年9月28日,50,我当恐怖游戏玩，，
七六,2017年9月28日,50,这么开放自由毫无限制的游戏世界，才是玩家一直以来追求的吧
[已注销],2017年9月28日,30,玩了两小时就退款了，游戏品质我没什么发言权，这个优化做的是真的差
宇宙漂泊冰箱,2017年9月29日,40,想玩能 VR 肉搏的/已弃，怕死如我只有从头苟到尾才会安心/手机上第一次玩用把弓赢到最后，不过这当然是新手友好所以赢率提升
发条不教条,2017年9月29日,30,我觉得有点意思，又有些无聊。没让我成瘾，偶尔玩玩也是有一二分乐趣。
zhz91,2017年9月29日,40,绝地掉线 大道歉
冷漠市民96,2017年9月29日,50,谢谢吃鸡拯救了我
原小宥,2017年9月29日,40,太菜惹！
Jason,2017年9月29日,40,可惜了。就是优化做的太差。。
大可日成,2017年9月29日,50,苟且生存还是出击致死，这是个问题。还是宿舍四黑，太多经典凉法了。
不自量力的还手,2017年9月30日,40,大吉大利 今晚吃鸡 
苗小喵|11ω11｀),2017年9月30日,30,猥琐到最后的我
杉树-狸猫先生,2017年10月1日,30,游戏本身只能说还行，是在说火的原因，是因为一群主播捧起来的。
喝鸡汤徒悲伤,2017年10月1日,50,穷吃鸡 富快递 
Villager,2017年10月1日,40,玩法野性，与人斗讲的就是一个刺激，FPS/TPS自由切换，射击手感偏真实(？)，人物血量比较能抗。初上手单排还行，四排开黑就挂得早…
autumn,2017年10月1日,40,落地成盒
Hiro,2017年10月1日,30,全是老阴比，出来刚啊
追求理想的生活,2017年10月1日,40,苟虽然能到第一，但是还是不够刺激
Clisthenes-徐a,2017年10月1日,40,大吉大利今晚吃鸡
霁月,2017年10月1日,50,哈哈哈哈好玩d(＾。^*) 就是最近没时间玩游戏呜呜呜……
读过看过听过,2017年10月1日,40,吃不到鸡，难受。这游戏枪太抖了
毁了一锅粥,2017年10月1日,50,苟苟病毒入侵啦
[已注销],2017年10月1日,50,实测i3 7100+GT1030在1080P全低下勉强能玩，没有烟雾弹平稳保持在20-35FPS，建议上i5 7500＋1050Ti。
kevin,2017年10月2日,50,大吉大利，晚上吃鸡
蠢黑怕黑,2017年10月2日,50,我宁可玩着渣优化和服务器天天炸的大逃杀也不想玩tx代理的大逃杀
向南找北,2017年10月2日,40,有多好玩呢 大概就是能让我想放弃以前每天午休两小时的Dota2 
怕是不,2017年10月2日,50,捡东西1小时 打架10秒钟 欢迎加入天天快递
Livvv,2017年10月2日,50,17寸的Razor GTX1080本本 烫的要起飞
边边边里奥,2017年10月2日,50,大吉大利，今晚吃鸡。
[已注销],2017年10月2日,10,洗手吧
man,2017年10月2日,50,第一次发现豆瓣还能评价游戏
Andy,2017年10月2日,30,优化太差了，，，
Semper ,2017年10月2日,50,最近在学校没法打 每晚做梦梦到自己在吃鸡98
不孤独的美食家,2017年10月2日,50,爽歪歪
巧克力被我吃了,2017年10月2日,50,好玩，但是服务器太渣了…希望能好好管一下外挂。多出地图哈哈哈
BuG,2017年10月2日,20,感受不到
月关,2017年10月3日,50,敲好玩
Li,2017年10月3日,50,我信佛，所以我不杀人
棉拖(686708035167080368),2017年10月3日,50,游戏9分，运营3分，期待国服，不要被挂毁了啊拜托。
糖吉阿德,2017年10月3日,40,苟出个第一！
追风少年！,2017年10月3日,50,这游戏真好玩:D吃94真赤鸡:D
白日梦的信徒,2017年10月4日,20,好游戏但是开放商的作风气的我到豆瓣都想刷个差评
Vi,2017年10月4日,50,看上去很好玩的样子。玩起来发现自己真是..各种残
十三,2017年10月4日,40,h1z1比做dota的话，这个是lol？
之g,2017年10月4日,50,什么装备没捡，硬是存活到了6204
岛边博人,2017年10月5日,50,堇张堇张 刺激刺激
Ldt,2017年10月5日,40,这游戏对我很不友好...
难过的南郭先生,2017年10月6日,50,已经中毒了！
荒井,2017年10月6日,40,人很喜g@型[颍
沈伊娃朵拉二蛋,2017年10月6日,50,反正好high
勾捏,2017年10月7日,30,自己玩的话就很没劲了
Naund,2017年10月7日,50,啊啊啊啊啊啊啊啊啊啊啊啊啊啊啊！你说我这么菜紧张个屁啊！
Di03r,2017年10月7日,50,服务器真棒，期待企鹅的落地98k
小么猪,2017年10月7日,50,稳定吃鸡q群231649539
U13,2017年10月7日,50,吃鸡！
鼠标左键,2017年10月8日,30,优化再好点，服务器不坑爹，绝对是满分
一年过后,2017年10月8日,50,这游戏进去就是China 南波王，机场学校见
Shy,2017年10月9日,30,我们的固定队伍中除了一位高手（不是我）外其余的三位都是死了都不知道死法的新手，所以游戏体验大概就是各种跟着高手找据点、帮高手找子弹，或者幻想自己不杀人也能依靠猥琐发育吃到鸡……
陈根宇,2017年10月9日,50,一个人吃鸡
通县沈三白,2017年10月9日,50,现象级？当法律道德成了扯淡。 资源 人性。
yoXYoxyOx,2017年10月9日,40,PlayerUnknown水平有限，蓝洞一心只想赚钱，优化差的要命，服务器烂的要死，挂逼遍地横行，但这无法阻挡一个绝佳的新游戏类别正在冉冉升起。
婴。,2017年10月10日,50,我的伏地魔英姿成功引起了软萌室友的兴趣哈哈哈哈
PsyduckFrowned,2017年10月10日,50,好游戏有两种，一种是游戏体验的种类不可替代和复制，一种是游戏体验的沉浸感强化到了极致，我感觉这个游戏都两者都做到了。【但是如果说这个游戏能拿今年最佳我是不信的，毕竟蓝洞太辣鸡
马新,2017年10月10日,50,和朋友开黑 只跳机场 下去就拿98K 然后给人家用喷子喷死 DOUBLE KILL
Cal.Monica,2017年10月10日,40,感觉到了今后游戏的走向，人们要宣泄的是什么，
我爱北京,2017年10月11日,40,挺有意思的可能大家语音沟通起来特别有意思吧
realEago,2017年10月11日,30,垃圾游戏，赶紧让腾讯代理吧，天天上不去上不去
K0n9,2017年10月11日,30,大吉大利，沉迷吃鸡（毁誉参半）
育才路一痞,2017年10月11日,50,djdl
你以为这是昵称,2017年10月11日,30,优化和服务器实在太辣鸡了
A little bit is,2017年10月12日,50,会上瘾的。越玩越想玩。根本停不下来。
豪,2017年10月12日,40,不错不错，很刺激
张林Y01606762606660696260,2017年10月12日,50,伏地魔大战老阴b
暴走的小小蕾,2017年10月12日,40,和小鸡吃了一次鸡，头昏眼花。
Good hunter,2017年10月12日,40,主机板还行
Sato,2017年10月12日,10,吃不起吃不起
澡,2017年10月12日,30,给了玩家想玩的游戏却不认真去做吧……
阿波,2017年10月12日,50,创意很好，游戏性很棒。游戏优化很糟糕，网路也很糟糕。开黑见人品的游戏
karma,2017年10月14日,50,守望已死，转战吃鸡
刘念之,2017年10月15日,40,落地成盒难吃鸡
johiuhj,2017年10月16日,10,不处理外挂，游戏走不久！！！给一分重视一下！！！
Tod,2017年10月16日,40,作为新手的我被加速器和大佬们折磨的老惨烈了
不思量,2017年10月17日,10,很一般的游戏，优化差到令人发指，希望腾讯爸爸能解决下。
蒋盖石,2017年10月17日,50,大鸡大利，就是服务器太坑
你巅,2017年10月17日,40,我啊，枪都没捡到就被shoot了！
自毙,2017年10月17日,20,我是绝地大型跑酷玩家
岚卷苍穹,2017年10月18日,40,紧抱大佬的大腿，最后吃到鸡的时候真的爽爆。
邪典千尸屋,2017年10月18日,50,毒鸡
SleepWalker,2017年10月18日,50,我是谁？我在哪？我从哪里来？我要哪里去？我要干什么？谁在打我？我要打谁？我怎么死了？为什么他们老杀我？
大福,2017年10月19日,50,如果没有外挂、真的就是个完美的游戏了。
覆衿,2017年10月19日,30,等国服出了观望一阵也许还会玩一玩。
入雪,2017年10月20日,40,看谁苟的好
卡萨的风筝,2017年10月20日,30,我是最开始玩的一批玩家，玩一两把还是可以，不过玩久了没啥意思
降落吧,2017年10月20日,50,大家好，我是快递员
羊腰子,2017年10月20日,40,优化那么烂还有那么多人玩.
99猪哥哥99,2017年10月20日,30,一个快餐游戏竟然能有这么高的分？还神作？
左手撂倒番茄酱,2017年10月20日,30,有心意但是还不够，游戏性不足，玩了几次之后就会腻，完全找不到乐趣所在。
长风绕旗,2017年10月21日,20,游戏本身非常耐玩且可玩性很高 但开发商的嘴脸着实丑恶 外挂泛滥 而且个人感觉对新手玩家门槛过高 还有 我没见过这款游戏打折
浩浩洪流,2017年10月21日,50,很久没玩新潮游戏了，心说要不玩玩，于是入手。我，Nogova的魔王，Patrovice的统治者，又回来了
KK,2017年10月21日,40,期待越做越好吧。
diamondcrack,2017年10月22日,50,乐趣无穷，要是出个练习模式就好了
再次匿名黄花菜,2017年10月22日,40,网络状况和硬件要求都不友好，学学人家gtav的优化
我打算在27岁那年步行去巴格达,2017年10月22日,40,挂太多...
Lan,2017年10月22日,30,玩了三把，难受想哭……拿枪都害怕，看见人就想跑，手都凉了TAT
芳草的OO小日子,2017年10月23日,40,外挂太多扣一星...
M膜U柴。,2017年10月23日,50,可惜优化太差了
小玉,2017年10月23日,50,垃圾游戏，毁我青春
feiya,2017年10月23日,50,确实好玩，不过不适合我....
夏日懵逼茶,2017年10月24日,40,第一次啊！看某人玩久了居然有点手痒的游戏！！我是个游戏黑洞啊！！第二次玩就苟到了第二！！！还特么没甲没头！！！每次看某人玩都停不下来还忍不住指手画脚！！这游戏真的有毒！！！
海洋饼干,2017年10月24日,40,紧张刺激恐怖秀
Knulp,2017年10月24日,30,便娱乐，但优化差，外挂多。
乌斯怀亚拖拉机,2017年10月24日,50,再高的高手，在单排模式下，都担负着一定的概率会被突然阴死。某种意义上，这个游戏有对新手的极大的宽容，甚至可以说是没有入门门槛。
Vins3nt,2017年10月24日,40,配置要求真高…
肆柒,2017年10月24日,40,吃鸡吃鸡。
氧气美女韩红,2017年10月24日,40,太难了对我来说 而且花钱买完帐号之后就没有很想玩了
贝桑松先生,2017年10月24日,50,目前为止吃了12次左右的鸡，好玩！有毒！推荐～
明天就学习,2017年10月24日,40,优化太烂 外挂太多 配置游戏 毁我钱财
liar,2017年10月24日,40,最近吃鸡越来越火了 网吧里lol的人真的是越来越少  然后莫名其妙我也就开始玩了
橘子喵,2017年10月24日,50,天天都在铁人三项，跳伞，拾荒，跑步 
三俗苏,2017年10月24日,50,黑 黑暗森林法则？
fuxwee,2017年10月24日,40,其实各方面的黑点很多，但是瑕不掩瑜这词用在这游戏上再合适不过。让我这个从来对网游没有兴趣的人也拍手称道。
Mang_ster,2017年10月25日,20,服务器差评
弄北辰,2017年10月25日,40,吃鸡好难！
H.Rap.Brown,2017年10月25日,30,仅仅游戏来说，还不错的游戏，和朋友来开黑挺有意思的，自己玩觉得比较无聊，优化确实不怎么样，但我的重点是服务器，服务器太差，公开广告奇游加速器后我就更恶心了
138****8038,2017年10月25日,30,总的来说 和好友一起玩是挺好玩  一个人玩很容易无聊  优化或许烂 但还没有感觉到 或许电脑配置的原因吧  外挂多是最烦人的  服务器也不稳定
娇龙,2017年10月26日,40,一流的游戏，二流的服务器，三流的优化
沁丶往,2017年10月26日,40,小公司的走红之作，内容画面可玩性都不错，但是这辣鸡优化和外挂再不好好搞绝对要凉。。
小明,2017年10月26日,40,第一次玩被杀的不亦乐乎
范闲,2017年10月27日,40,好玩！
二千,2017年10月27日,50,拾荒一小时，见面一秒死。hhhhhhhhhhhhhhhhh
万宝路大侠,2017年10月27日,40,给外挂毁了
弱智儿童神经病,2017年10月28日,50,一只穿云箭，千军万马来相见，不存在的~
热心市民,2017年10月28日,40,拾荒一小时，见面一秒死
八月诗,2017年10月28日,50,第一把进前三，瞬间找到成就感。另外特想知道我是怎么被打死的。
Yuki++,2017年10月28日,30,感谢这个游戏让我鼓起勇气和纠缠多年的男朋友分道扬镳！游戏中的winner 吗 不 你是loser！
人之初性本丧,2017年10月29日,40,优化和服务器跟屎一样，却依旧有这么多人玩，足以证明其游戏性
Mr.73,2017年10月29日,10,没觉得好玩...
人见人爱贾圆圆,2017年10月29日,50,就想打五星 哈哈哈
巴黎红磨坊,2017年10月30日,50,我觉得游戏做的很好，
新鲜f情人の,2017年11月1日,50,哈哈
本无缰,2017年11月1日,50,购买动机是，这个游戏居然在夏季特卖不打折！还销量第一！
凉拌培根,2017年11月1日,20,外挂多优化差土豆服务器
phyllis,2017年11月2日,40,落地成盒。
猫mi,2017年11月2日,0,好玩
汤家庄史书记,2017年11月2日,40,现象级
Josp,2017年11月3日,40,800小时游戏 已经生厌 但确实得到了很多乐趣
雨婷,2017年11月3日,40,总有周围人整天沉迷于修仙吃鸡~
嗯哼.羊羊羊,2017年11月5日,40,我是能把枪战游戏玩成跑酷的天才，刚开始玩的那把整场不是在追着毒圈就是被毒圈追。
[已注销],2017年11月5日,50,"构思应该是来源于大表姐的「饥饿游戏」，对于射击游戏零基础的我来说，这款游戏看别人打比自己玩有意思多了。于南京."
胡老板儿,2017年11月5日,50,比gta好玩儿多了 期待月底跟基友们一群菜比去网吧
克里虾,2017年11月6日,0,我就想说，大家能不能心态好一点
浪客剑心,2017年11月6日,40,时间长了还是单调，建议组队玩！一个人玩有点绝望~
mojar,2017年11月7日,40,emm..就是服务器体验有点差 刚开始玩我就是个怂炮伏地魔
爸爹,2017年11月7日,50,绝地求生永久海豚加速器5.2   77q310987561
威尔费德,2017年11月7日,10,冲垃圾服务器我也得拉低评分
Espiko,2017年11月7日,40,只有我觉得没守望好玩吗
旺园扛把子,2017年11月7日,40,这游戏玩起来迷之上瘾……
笙声,2017年11月7日,50,大吉大利回家吃鸡
Movie Joy,2017年11月8日,40,四星半，还有半星扣在服务器跟挂上
任性摇摆的20岁,2017年11月8日,50,神作  之前还看过电影原作  感触很深的电影！  游戏也很制作的很优秀！
甘,2017年11月9日,0,…………一个没地方去之后在网吧的尝试…然后发现自己真的不适合玩游戏
为动而生,2017年11月9日,30,一个人没法玩。。。太紧张
952683,2017年11月10日,0,大逃杀游戏，吃鸡，现象级
Chris Chan,2017年11月11日,50,肾上腺素飙升啊！
老爷叔Griffith,2017年11月11日,10,吃鸡三连：人在哪？谁再打我？快拉我起来。这傻庞蜗房赡艿贾陆视加深，不建议玩
R.0-0.T,2017年11月12日,40,接近90个小时了 也算过了瘾了：既有射击、思维技巧、驾驶 单排吃鸡很少.很不错的game.第一次为游戏投入这么多ps：配置要求太高！一般家里玩不了
十方,2017年11月12日,30,一把一把的玩，太浪费时间了。诶吃鸡的路上 不是在跑就是在躲避。
秽物少女②④,2017年11月12日,40,winner winner chicken dinner
有袜子的多比,2017年11月12日,40,我是真的菜
六w黑布林,2017年11月13日,40,容易腻
防己,2017年11月13日,40,对服务器真的十分无语，经常卡顿。不过作为一款沙盒求生游戏，是赞的。
雨过天青的随意,2017年11月13日,30,热度会退 
该用户不存在,2017年11月13日,50,虽然优化和服务器有待提高，但不得不承认真特么好玩
夏天,2017年11月14日,30,经常跑道房子面前了，模型还没加载出来= =
已注销,2017年11月14日,40,卖98亏了
00杀死鲨鱼,2017年11月14日,30,神仙打架
清生醉梦死,2017年11月14日,30,游戏内容与画面挺真实的，而且这种模式比传统射击游戏更多趣味性玩法种类模式更多
某某人在此,2017年11月14日,30,外挂将会毁了这个游戏
早夜无风,2017年11月14日,40,＃打卡＃
下百了吗,2017年11月14日,40,fps。晕眩。想吐。
李长安y,2017年11月14日,50,虽然我是个lyb但是我特么还是巨烦lyb 尼玛完全阴不过别人啊  
噗吭一声傻掉了,2017年11月14日,50,捡垃圾使我快乐！如果幸运苟到最后 那真的无比刺激。
地表支离破碎,2017年11月14日,20,将就着
Esperanza,2017年11月14日,50,值得研究的游戏。
一米八的涛儿,2017年11月14日,50,emmmmm......对夕阳红枪法选手来说，体感极差
Rspectre,2017年11月15日,30,这个游戏确实sb 但是我们还是乐此不彼地每天一边骂它一边玩 等哪天连骂它的欲望都没有了 也就该换下一款游戏了
扬贵妃同款,2017年11月15日,40,本人盒子精，所以很少单排。确实这个游戏和熟悉的人一起玩乐趣更多！每个人都能在游戏里找准自己的定位，大神狙，菜鸡跑～
十三月限定,2017年11月15日,40,我还是比较适合看别人玩。
redlight,2017年11月16日,40,serious flaws
实事求是。。,2017年11月16日,50,虽然挂多，但是很好玩
MaoGeMx3,2017年11月16日,50,在此发誓不在去极网咖吃鸡了，看书去了。至少是这年不去了。
hypotyposis,2017年11月17日,30,因为还是抢先体验阶段所以很多问题理论上可以容忍 但是这种大逃杀gameplay的乐趣真的get不到
软糖,2017年11月17日,30,好了终于可以评分了。。用户体验非常差！！！！！！！！开挂的太多 氛围太阴暗！！！进步空间太小 唉操打完总是很生气
周小野,2017年11月17日,30,剩下两颗星是给你进步的空间。
莫大,2017年11月17日,40,大吉大利今晚吃鸡！之前因为太玄幻有日子没玩儿了..
GRACE,2017年11月17日,10,这游戏跟CS一样烂到渣！
爱的魔力转圈圈,2017年11月17日,50,highly addictive
魔法使之夜,2017年11月18日,30,赚了那么多钱也不好好做优化，只想送一句呵呵
作者,2017年11月19日,30,外挂明码标价！游戏优化懒到家。一个单机线上游戏能占内存，cpu那么大，你还想有什么发展！BUG多的能组一个加强连！作品形式还是好的。
[已注销],2017年11月19日,10,设定差，画质差，优化差，这游戏究竟是怎么被人舔到入围tga的
不解释呵呵,2017年11月19日,40,开G的太多
苏沐橙啦,2017年11月19日,30,亚服的挂也太多了吧……
不要在意这些细,2017年11月21日,20,烂的一坨屎的优化
BGoodyec,2017年11月21日,0,每次都是这样，对么
花语落田,2017年11月21日,40,架着东南亚的服务器 开着加速器 依然乐衷 这游戏不是第一个做这种设定的 但却是最成功的
北原一x,2017年11月22日,20,很一般的游戏：优化垃圾，操作蹩脚，环境感人，玩法单调，神仙聚集。想不出有什么好玩的，如何游戏里的操作能跟GTA一样顺滑我觉得还是不错的，可惜就那jb操作手感，我玩着简直是对自己的一种煎熬，还吃什么鸡？
Cymophane69,2017年11月22日,20,2017年度现象级村炮游戏
宝Loonbo,2017年11月22日,50,充满想象力的游戏。
|,2017年11月23日,40,枪法和反应力不行，不和队员配合真的啥也玩不了
仙人刺猬球,2017年11月23日,50,3D眩晕症总是要玩到快要吐了才不玩。说明确实不错
深深深啊深,2017年11月23日,10,游戏体验巨差，鸡是什么味道？？？？MMP
天鹰战士,2017年11月23日,40,外挂略猖狂了哥！
DT,2017年11月23日,40,可惜我电脑配置太低，或者说大逃杀优化太差，实在影响体验
无敌莎莎波,2017年11月23日,50,dinner dinner winner chicken~
94芊儿,2017年11月23日,50,一度沉溺到不可自拔
KIRA YAMATO,2017年11月25日,50,再也不吃鸡了
酸梨木,2017年11月26日,10,不明白怎么火起来的，被同事来着玩了几次快吐了。
Alex Pan,2017年11月26日,40,游戏还是很好的，不然不会那么多人都玩，也不会演化出那么多的吃鸡手游。不过优化烂，服务器日常卡，确实是比较大的问题。玩过几把，最后都毫无意外地0杀成盒。事实证明，瞎子聋子蜗牛等不适合玩这个游戏。
暗淡的符文围巾,2017年11月26日,40,适合和好友一起开黑的游戏，这类游戏一般火过一阵也就那样了，吐槽下优化。
京城大叔,2017年11月28日,40,玩久了有点头晕，感觉一般般吧
non,2017年11月28日,40,刚机场吧！
人g失格乳酸u,2017年11月29日,50,苟 才是王道
Hits49,2017年11月30日,0,emmmm…
新世纪腐淫战士,2017年12月2日,0,鸡肉很柴。
独孤粒子,2017年12月2日,50,比起自己玩，还是看别人玩更带劲儿啊～每天午休必备
如果温柔是网,2017年12月2日,40,大吉大利，今晚吃鸡！
钢铁少女99,2017年12月2日,50,大吉大利，晚上吃鸡！
204工程,2017年12月3日,10,我想给负分 舍友一有空 还特么动不动大叫
S,2017年12月4日,40,单排简直恐怖游戏
垃圾君的瞎看,2017年12月4日,40,什么时候才能吃到鸡
小手冰凉,2017年12月4日,30,blueASS屎一般优化
小张,2017年12月5日,50,好玩
Cristiano,2017年12月5日,40,有时候能碰到挂
下水道男孩,2017年12月5日,40,一人单排堪比恐怖片，开黑就是欢乐锦集
屠夫,2017年12月6日,40,我就是意识差，泼水枪法，还爱刚枪的那种。
韩OB,2017年12月6日,10,我操你妈了个逼的破游戏 操你妈的破逼垃圾 
时曜,2017年12月6日,30,地图，各种操作感觉设计的很好，但实在接受不了这种模式，作为一款游戏，除了吃鸡，否则带不来任何成就感，那种突然被打死的失落感真的没办法让我将它当作一场游戏来玩，希望可以出一些单机模式或者合作生存，打僵尸之类的，只有人与人之间互相厮杀实在玩不下去。
敬狗屎,2017年12月7日,40,真正的乐趣在于发现BUG
松尾バナナ,2017年12月7日,30,游戏优化确实很渣，但是游戏内容很好，各种有趣的战斗以及更加有趣的玩家。
张秣,2017年12月8日,40,一款现象级游戏。
NGOCN,2017年12月8日,40,这是一个开放世界，不要让毒圈限制了你的想象力。飞车上烟囱，落日映余霞。
Ran,2017年12月8日,40,我还是觉得战斗裤比较重要
参天大猫,2017年12月8日,50,必须要为这个游戏打个五星！
Lesliesgy,2017年12月8日,30,太菜了没有游戏体验，加速器又是个大问题01
wizard_h,2017年12月8日,10,主播开挂，官方没有任何表示，游戏已被外挂毁了
[已注销],2017年12月9日,10,第一次吃鸡后，从椅子上蹦了出来的我破坏了下午的宁静。然后用颤抖的手指打着字告诉朋友吃到鸡的消息。
吾少也贱,2017年12月10日,50,游戏原来也能标记98
Tobe,2017年12月10日,30,这是一个没有固定团队玩不起来的游戏，一个人再阴再狗也免不了狭路相逢，也打不过四个人啊，已卸
冯闻博,2017年12月11日,40,没神仙这游戏无敌
南故笙烟,2017年12月11日,50,哈哈哈 被我一个妹子完成了绝地求饶
居逸之,2017年12月12日,50,火爆2017了
神是唯一,2017年12月13日,50,新的里程碑
划水摸鱼大赏,2017年12月13日,50,垃圾游戏，太垃圾了！
FrozenElsa,2017年12月13日,40,买了快1个月了吧，吃了4次鸡，都是单排，这个游戏的乐趣还是有的，就是做的太屎了
容嬷嬷,2017年12月14日,50,昨天第一次双排吃鸡~
MHRd趣使然,2017年12月17日,40,菜的一逼
C02sti,2017年12月18日,10,x1s 玩这个太劝退了，我就当给 Xbox 做慈善吧。
吃肉才会长高,2017年12月19日,40,真的很好玩~一个月了。加速器时间到期了。打算暂时缓一缓，最近事情有点多，考完试再玩~
半生瓜,2017年12月19日,50,只要用加速器了我就不乐意了
K念念,2017年12月19日,50,被逗川和墨鱼带坑。图拉夫最牛。
若木梦天,2017年12月19日,50,看别人玩比自己玩有趣的游戏  请还我买游戏的30刀 谢谢
呆呆的西红柿,2017年12月19日,40,人生最杯具的事儿，就是买了游戏发现自己晕3D
昌文,2017年12月19日,40,除了优化和我不喜欢fps之外，98算是物超所值了
混蛋快学英语去,2017年12月20日,30,为了一个98块的游戏买了NN倍价格的耳机。。。冲动害死人啊！！
一只球球,2017年12月20日,50,苟全性命于乱世。。
石抛,2017年12月20日,50,现象级作品，多个解读角度。从普通玩家的角度来说，最大的卖点在于减压。
Taake,2017年12月21日,50,刚开始直播这个游戏的时候 被人嘲笑不如CF，呵呵
SleepyAnarchy,2017年12月21日,50,我就是个四级包
timewangweihai,2017年12月21日,40,好游戏  烂优化
张富贵,2017年12月22日,40,这游戏真好玩 我一小时能玩40多把 要是能杀到人就更好了
ANOI,2017年12月22日,30,啊哈 我就是不适合玩儿线上的 太特么可怕了！
张晴天,2017年12月22日,30,单排巨无聊 不是4黑一般不玩。
尊师孙笑川,2017年12月22日,40,苟.....................就完事儿了
Inversion,2017年12月22日,10,垃圾韩国公司。
"vortex,",2017年12月23日,40,游戏的乐趣在与朋友
Sambergll,2017年12月23日,40,还是可以，就是第一把会玩成奇迹暖暖和马拉松竞技游戏
冰岛好人,2017年12月23日,30,龙鸣游戏
想想,2017年12月23日,50,太好玩了！纪念人生第一次去网吧。
夏空的虫鸣,2017年12月24日,40,掉的一星给优化
lains,2017年12月25日,40,和朋友玩其乐无穷 但是外挂有点多
不系舟,2017年12月25日,0,好好的游戏，被我玩成了饥荒。
evilgracula,2017年12月25日,40,来吃
Mike,2017年12月25日,40,【2017.12.25】圣诞趁着朋友考研结束玩了几把。这游戏很明显就是拼一个策略。什么时候走，走哪条线，看到人开不开枪都是思考的问题。类似游戏我还是喜欢ARMA3。
Dindi,2017年12月27日,40,人生第一次进网吧为了这游戏，网吧真是个容易让人沦丧的几把地方。可能过几年没事干的时候还会进网吧怀旧一把
条顿森林,2017年12月27日,40,吃鸡只能靠猥琐
胡椒烩黑椒,2017年12月27日,10,优化烂
炽昊F焱,2017年12月27日,30,游戏是好游戏，但是服务器太垃圾，挂逼孤儿不严惩，严重影响游戏体验
李敬勖,2017年12月28日,50,大吉大利，今晚吃鸡~~~~
我的幸运数字4,2017年12月28日,40,除了游戏模式，其他真的也就那样。。。。。
Lynn,2017年12月29日,40,第一次玩的时候摔了个半死
极品西瓜刀,2017年12月31日,40,体验现象级游戏，重新体验开黑的感觉。
poi,2018年1月2日,0,晕3d也是没招了
陈雷,2018年1月2日,40,一被子看别人玩的命
o猫ops,2018年1月2日,50,2017年最火在线游戏非次游戏莫属。
Letters Soup,2018年1月3日,0,小聋瞎毫无游戏体验 弃游flag
狗蛋儿小太爷,2018年1月3日,40,极差的游戏体验！满天飞的神仙！I7+1060都只能开低效的垃圾游戏！可我为什么还是给了4星....
不吃冰激凌,2018年1月3日,40,毕竟2017年最火的游戏！
SuperSaiyan,2018年1月4日,10,2018 - 5
Paplica,2018年1月4日,30,晕3D实在玩不了。单排实在太无聊了。
fancy,2018年1月4日,50,渣优化、渣服务器，还是喜欢玩
Offensive,2018年1月4日,40,这游戏的后坐力和武器扩散是故意做这么大的吧？
赵不知道是谁,2018年1月5日,30,吃鸡全靠苟 游戏优化太差了 挂多影响游戏体验感 但是刨去这些还是有可玩性的 不然也不会有那么多人一边骂这个游戏 一边又忍不住玩它了 另外希望沙漠地图能稍微富裕一点 对打野玩家真的很不友好啊！
南方的北瓜,2018年1月5日,40,这个游戏的欢乐在于和队友开黑，可是我玩了四十个小时了还是菜得抠脚。
观察者,2018年1月5日,0,这就是个恐怖游戏
女萝,2018年1月6日,50,作为一个正宗的女孩纸，我一般都只能杀到掉线的人……
斋藤飞鸟,2018年1月6日,40,大吉大利，今晚一起吃鸡啊啊虽然我到现在都没有吃过鸡，但我会努力的苟的哈哈。
见得多了,2018年1月7日,40,总有那么一小撮人破坏游戏体验
猫奴十二年,2018年1月7日,30,有啥意思啊。无非就是CSPro
亮亮灯火,2018年1月7日,50,玩心跳的之前是星际，现在多了一个。有队友最好了。
淡薄如素,2018年1月8日,40,开黑以后乐趣真的多了好多。单排真的是一点都不像碰。
天天都想离开,2018年1月8日,50,最近超迷这个，心心念念就是吃鸡！
FerraZun,2018年1月8日,40,太吃电脑配置了
清金钩钩,2018年1月8日,50,赶紧让中国人玩自己的服务器吧，外国人受不了啦
浪枝米酒,2018年1月8日,40,我 KD高达0.5(●°u°●) 」
丰,2018年1月8日,50,2017年玩了个位数把，落地成盒就是我。
涮锅不吃肉,2018年1月9日,50,莫名其妙只是热衷于捡宝，捡完就送快递了96
Andodo,2018年1月9日,30,外挂猖獗
阿紫的海豚,2018年1月9日,40,正式版本值五星，因为科学家们扣一分
丁恩少爷,2018年1月10日,40,单排每次都被气晕
不髡h,2018年1月10日,30,目前外挂太多 优化太差 概念还是很不错的
Liam,2018年1月10日,30,外挂种类可以组成复仇者联盟了，暂时不会再玩儿了。
鲜衣怒马仍少年,2018年1月10日,40,跟朋友一起玩挺有意思的
goott,2018年1月10日,50,代入感很强，就是服务器太垃圾啦，只要死了，那就又陷入一段漫长的等待
科迪勒打雷吃肉,2018年1月10日,50,这个模式实在太容易沉迷了。。
Bazinga,2018年1月10日,40,老妈的意大利面
小仓山,2018年1月11日,40,网红fps游戏，背景和地图有点意思，有值得称道的地方，可是bug挺多的，外挂丛生官方也不怎么管。看别人好好玩，轮到自己晕3d，40分钟就完hhhh…
盛夏,2018年1月11日,50,好玩020202
花间饮酒李公子,2018年1月11日,50,很棒的游戏，但就是游戏体验极差。
一坨翔,2018年1月11日,50,比英雄联盟好玩
zita,2018年1月13日,40,没啥fps基础也可以玩的挺开心。成盒挫败感不强，苟进前10就很满足。外挂神仙打架怎么治？？
呵喽Ur Majesty,2018年1月13日,40,这是一个literally会让人分泌肾上腺素的游戏，玩这个认识了几个新朋友，都是小朋友，但当然都是带我吃鸡的大佬，不嫌弃我是瞎子+聋子+路痴+慢动作，已经历人生巅峰，无憾了哦……想着等加速器到期了就不玩拉，做点别的事。
黄不羁,2018年1月15日,40,何以解忧
咿呀嘿呼,2018年1月15日,20,游戏体验极差
win少侠,2018年1月16日,30,捡了98K没八倍镜，捡了八倍镜没98K，有八倍镜和98K就捡不到子弹！谢特
小鸟酱,2018年1月16日,50,闲下来了要玩个够
Mr.JerryMouse,2018年1月16日,20,一星，但是和朋友一起玩很好玩
lljo,2018年1月16日,50,建议先下游戏再评分 另外玩多了确实无聊
熟客思春期,2018年1月17日,40,因为有新鲜感所以最近疯狂玩，这游戏单排跟车队是完全两个游戏，朋友们的技术也是一如既往参差不齐，我作为又苟又混的萌新也能偶尔捡个头舔个包，嗯，继续玩下去吧
moer,2018年1月17日,40,再好的游戏都会死于挂逼，用心做做优化和反外挂系统吧。
Field.,2018年1月18日,0,emm…对于我这种夕阳红枪法来说 体验很一般了
一会儿吃什么,2018年1月18日,40,自己玩没意思 开黑停不下来系列
P垣,2018年1月20日,50,打了一晚上还没吃到鸡......
爱妃平身,2018年1月20日,50,前30小时恐怖游戏，30小时后魂类游戏，看什么时候玩得了吃鸡游戏
Skarsgard,2018年1月21日,30,苟到了第一...233333
Cris,2018年1月21日,10,PUBG（诸神之战之绝境重生 ）最近被微博上的火影土遁挂笑cry
我095,2018年1月21日,30,技术不好玩起来更散步一样
GrABBITY,2018年1月22日,50,谢谢阳哥的号
兰柏柏,2018年1月22日,20,画质和效果达到顶尖，但是配置太高，外挂太多，需要改进
Wynter,2018年1月23日,50,让不怎么玩游戏的我爱上！！
hzcneo,2018年1月25日,40,真不适合我这种老年人
stoneocean,2018年1月25日,30,退坑的时候依然是乐色
TuringWZ,2018年1月26日,50,带动steam国区对抗腾讯的中流砥柱。
不可爱的李大俊,2018年1月27日,40,谁能想到大逃杀会在那么多年后死灰重燃。
德尔基西奥,2018年1月27日,50,确实是fps神作。
phoenix,2018年1月27日,20,傻逼游戏
songzhou,2018年1月27日,40,玩了 200 多小时，更像是个社交游戏，一个人不想玩。
MaxSchaletta,2018年1月28日,50,现象级游戏，在守望先锋媚俗moba并在泥潭中无法自拔的环境下，这款军事模拟为基础的硬核战术射击游戏竟然成为了全球新宠并盖过moba风头完全出乎人意料。某种程度上讲是划时代的作品，尽管质量上仍有问题，但大逃杀模式潜力巨大，在近五到十年必将涌现大批更具创意的作品。
何处胜此安,2018年1月28日,40,无论多黑，玩家人数说明一切
厨师沙律,2018年1月28日,40,大哥求放过。
Eevee,2018年1月28日,30,纯粹为了跟朋友外出时有事可做而玩的
彼岸，美夕,2018年1月29日,50,真实，就很真实，虽然我是个盒子精哈哈哈哈哈哈哈哈
Jeco,2018年1月30日,50,挂壁之下的求生
球啊哈哈哈哈,2018年1月30日,40,更新了之后用2倍都能清楚瞄到人，画面体验好了不少
时间犯规,2018年1月30日,50,分不清枪的锅直女不背
Leon,2018年1月30日,40,策略操作都有
RD,2018年1月30日,40,好玩，刺激，玩法新颖。但是挂b太多。。。所以我可能会去玩r6
市民刘先生,2018年1月30日,30,一百多小时，大大小小将近二十把鸡。游戏本身还行，但服务器真的垃圾，挂真的多，多到我得被迫去打澳服、南美服这种冷门的服务器（感谢腾讯免费的加速器，国服上线我一定支持）。
亨利五世,2018年2月1日,30,这游戏的优化有毒
William.Bear,2018年2月1日,40,游戏三分钟，OB半小时
给我六元,2018年2月1日,50,果断弃了英雄联盟，沉迷绝地大陆
此心安处是吾乡,2018年2月2日,40,今天玩了一天，落地成盒，我这种手残党可能真的不适合玩。
Sirius,2018年2月3日,40,不得不承认是一款玩法上很好玩的游戏，但是外挂、优化、服务器质量等等原因拉了后腿，进步空间巨大
阿年同学,2018年2月4日,50,大吉大利今晚吃鸡 ~
无能老板,2018年2月5日,40,效率玩家 一小时30把 
别别杀我,2018年2月5日,30,三星给新意。其他完全没亮点。
S,2018年2月6日,50,作为一个菜鸟，我吃鸡的水平还不错~~
Dong,2018年2月6日,50,不错
今天鸡儿很强,2018年2月6日,50,虽然制作挺糙的但真的很好玩啊，跟朋友开黑笑得像个傻子
倒倒,2018年2月7日,40,垃圾公司不好好做优化。
薯片爱好者,2018年2月7日,40,大学第一次网吧通宵献给了它 066706
Karwai Auyeung,2018年2月7日,40,今晚吃鸡！
名字什么的,2018年2月7日,10,苟
斯多,2018年2月9日,0,游戏做得很糙，但玩法值得肯定。毕竟连吹哥都沉迷吃鸡。只是无论日韩服还是北美服，每局都有喊着操你妈、ChinaNo.1、渣渣辉以及卖挂的中国人。毕竟国内大环境就是满脑浆糊，上网只会斜眼黄豆、玩烂梗和脏话对喷，早就没人会说人话了。综合下来仍是欧美和日本玩家的文明程度较高。游戏也是面镜子
nekketsu,2018年2月9日,50,吃鸡一定超越LOL！
so hot,2018年2月10日,50,Squad! 已经500+小时玩家 导致黑眼圈和泪沟
石源你美,2018年2月11日,0,有点想买PC
无i.,2018年2月12日,0,从小到大买的第一款游戏，并非常沉迷，看蓝仓鬼图打游戏也很快乐。
L Fisher,2018年2月12日,0,少帮主男友力爆棚，站潇士，士潇也蛮有爱的。“四驱兄弟”吃鸡第一那三局笑死我了～你的敌人只有肺～
Mason,2018年2月12日,0,三百小时了才回来评价。优化一般，但这个游戏绝对是FPS历史上的里程碑之作，用第三种方法解决了玩家从出生到交战期间这段乏味时间的问题
Syd Berg,2018年2月13日,30,我玩这破游戏水的不行
云,2018年2月14日,30,不喜欢这个游戏是因为不喜欢玩这个游戏的群体
等风也等你,2018年2月15日,50,从h1z1那边被外挂打的弃游之后转战这里的，这是个写实风格的沙盒求生游戏，玩法简单容易上手，但是套路好多啊，吃鸡全靠天命圈啊喂
脱碳甲醛,2018年2月17日,30,外挂太多了优化太屎了服务器动不动就炸
尼加拉西瓜,2018年2月17日,0,前主管说要带我吃鸡 我感觉我可能根本跟不上她……
红豆泥,2018年2月18日,40,死亡回放这个功能挺棒的  死的明白233
Cupid,2018年2月19日,40,没吃到过鸡……
Doug,2018年2月20日,40,游戏做得很好，就是自己太菜了。
花间plz,2018年2月20日,30,让外挂飞一会儿。
Particle,2018年2月21日,30,游戏分两种，其中一种是社交型的。我来过，我社交，我回去了。
你饱,2018年2月21日,40,想当一名优秀的狙击手，然而……
没支撑的弹跳板,2018年2月21日,10,我也是个老玩家了。现在看来这游戏已经废了
小柚膘丶,2018年2月22日,50,玩电脑头好晕啊，怎么解决。。。。
mishka,2018年2月22日,40,骑摩托的时候最好玩
郁郁峻,2018年2月22日,40,发挥空间蛮大~
Marshal,2018年2月24日,10,游戏优化属于幼儿园级别，反挂属于胚胎级别。
亦明.white,2018年2月24日,40,吃鸡啊！！！
HTBB,2018年2月24日,30,一个满是bug 管不住外挂的游戏能火到现在我也是惊讶 最近的大范围地毯式封号 更是不知道封了多少绿色玩家 一个大型多人竞技游戏如果依然以这种事态发展下去离凉真的不远了 现在只能默默期待腾讯的国服了……宁愿被高手天天虐 也不愿被一个充满了漏洞的游戏弄的愤愤不平……
Oct,2018年2月25日,40,快凉了
FineLe,2018年2月25日,40,刷新了我对世界孤儿数量的认识
Ecoone,2018年2月27日,30,过程太紧张，感觉就是世界末日，没有人可以相信了
苏维埃储灵珈,2018年2月28日,40,绝地求饶，无功无过
东北禁烧秸秆,2018年3月1日,30,比较紧张刺激的斗蛐蛐游戏。一开始玩的时候可以开车四处旅游看看风景，减轻一下生存压力。玩多了有些审美疲劳和陷入程序化机械化的僵局。
YQY-Vader,2018年3月3日,40,紧张感高于任何一部电影...未知和多变是最大优势，可玩性高于之前LOL和OW俩爆款。
我大概是程运佳,2018年3月3日,40,让我们想起了小时候泡网吧打cs。。没想到这么多年过去了，还是会被这第一视角的游戏弄的昏头转向的
杜陵之梦,2018年3月3日,40,黑暗之游戏
Xenos,2018年3月3日,30,要不是黎明自己作死把H1Z1搞黄了，绝地求生也火不起来。不说服务器和外挂的问题，我反作弊服务一直启动不了报1450错误，游戏都进不去，试了两个小时各种办法都解决不了，只能说蓝洞毕竟也是个小公司，看看人家v社，无论是游戏品质游戏服务哪一个能挑出毛病？当然除了g胖不会数3
Johnny-Hsiung,2018年3月4日,40,和朋友一起玩太欢乐了~
RipSe7en,2018年3月4日,40,适合小伙伴一起玩，逗逼欢乐多，耳机很重要，游戏内听声儿，游戏外别箍得脑袋疼啊。期待国服
中关村吴彦祖,2018年3月5日,30,挂比太多玩你妈 我等凡人岂能和神仙打
晚安了地球人,2018年3月6日,40,晕鸡。电脑版我玩着吐
31363433393633303732343233,2018年3月6日,40,在网吧和同事玩了102分钟，玩的我想吐啊！玩一下午一个人没打死…还是手机吃鸡有成就感。￥98买的亏…
Bayonetta:),2018年3月7日,30,。
冲鸭希酱！,2018年3月8日,40,队友说我玩了这么久还跟个萌新一样，啊，我只是想去皮一皮的医疗兵。
Felix,2018年3月9日,10,优化烂，挂又多！我朋友steam号被盗去开挂，然后游戏就被封了，呵呵。
闹翻天Skywarp,2018年3月10日,10,再也不见了您呐！都是挂逼不说，还锁ping，赶走中国大金主氪金玩家，让神仙杀神仙，等着凉吧！还有盗我号把我号附送给20块钱买了你透视挂的安徽狗，我的号里全是新游戏，到你手上就值20块？之前打的1星后来打上手了改成3星了，现在改回1星不会再玩。最后挂逼你们的人生真是够失败的智障们。
西方黑芝麻糊,2018年3月10日,50,非常不错。积累了不少军事知识
一指流砂绕思素,2018年3月10日,40,一块来吃鸡。
Cary,2018年3月11日,0,"emmm,感觉自己该去看看眼科或者耳科了"
lzc,2018年3月12日,50,有毒  真的
楼辛,2018年3月12日,40,第一个人天才第二个是人才第三个是蠢才
小葡萄,2018年3月13日,50,看斌玩的，刚开始哥哥你好棒！看了韦神的操作之后，哥哥你好菜！
春暖花开,2018年3月14日,30,就是头昏。。。
旅行的风景,2018年3月18日,40,中国挂逼太多，一进基地全是卖外挂的。
Fishy,2018年3月20日,40,看过，这个游戏好不好玩完全取决于主播够不够风骚。
轻度强迫症患者,2018年3月20日,40,仙界修仙
拉拉手唱唱歌,2018年3月21日,30,老了，玩不来了
桃源之向往,2018年3月21日,40,可玩性很高，如果我不晕3d的话就给满分了91
路明非,2018年3月21日,40,如果这个游戏没有外挂  那将是全世界最好的游戏了
匕力儿,2018年3月24日,10,蓝洞死妈
灰吹,2018年3月27日,50,作为一款大型交友软件真棒
稽古,2018年3月28日,40,游戏不错，外挂太多
Javi,2018年3月31日,20,神仙大战
丫丫布^念,2018年3月31日,0,嘿嘿，算是我真的在玩的吧
JustKids,2018年4月1日,40,习惯了依赖手机的自动开门自动拾取自动弹，觉得操作有点不好上手……撅屁股捡装备时被爆菊花，跨摩托的时候被车倒下来压死……也是醉了
哥在的路超稳,2018年4月2日,40,暴发户蓝洞抓住了这个神奇的机遇...
(99-99),2018年4月3日,40,非常感谢带我一起玩的可爱的 miku 酱和他的小伙伴们!!!!  btw这个游戏的伪装外国人剪辑视频们太太太可爱了哈哈哈哈
伏眠,2018年4月5日,30,真是忍受不了挂比正常人多的游戏
瓦晴,2018年4月6日,40,"这游戏要是早出三年简直救命，大学里就不用忍受傻逼室友天天lol，自己就可以每天玩吃鸡敲键盘吵死他了03"
汉斯,2018年4月7日,40,BUG，挂太多，一开始十分气恼，后来就慢慢释怀了，发个gif放reddit大家都哈哈一笑。
林盐盐盐,2018年4月7日,40,"玩的mobile, 油管看shroud散弹枪挑战一把枪吃鸡简直不能更帅，我怕是此生都做不了主播了。卸载卸载"
花生没有米,2018年4月11日,40,整天拿塞尔达黑吃鸡bb游戏艺术的最新一代傻逼任豚（保不齐switch出来以前是索狗）只会黑画面优化网络外挂世界观，一提核心玩法就屁都不放一个了，难道塞尔达的剧情画面配叫第九艺术？GOTY是不配，提个名怎么了？
似玉,2018年4月12日,40,听到屏幕的那一边的你语音里传出的女声。
曾二郎,2018年4月12日,10,最脑残，最差劲的游戏，一个糟糕的时代。
小德Aeris,2018年4月13日,40,蹲下是哪个按键，什么你说没有？啊！我怎么死了？c！吓死我了怎么泵的一声响我就死了？啊！这车怎么操控！啊！我刚才那把牛逼的枪呢？抢没了怎么成这把了？
manguo,2018年4月13日,0,以前觉得自己绝不会玩这种游戏的...
Gary,2018年4月17日,50,ID：Gary-gf
惊蛰,2018年4月18日,30,画面渣，优化渣，挂还多
kokomi,2018年4月18日,40,弃坑标记
周强,2018年4月18日,40,吃鸡，吃鸡！
lying,2018年4月18日,40,网吧体验， 毕竟带起了一个新的模式，但是优化是真的太差了吧。。
鸿追,2018年4月20日,0,很难，从来也不是我的强项-射击类
慕小涵,2018年4月23日,40,挂太多影响体验
独自居,2018年4月24日,40,游戏体验一般
Christina丶,2018年4月25日,40,优化扣一星吧，网络不好不能玩，电脑配置稍微不够也不能玩，可总的来说我还是挺喜欢的，菜鸡游戏时间30小时了没吃过鸡，单排就是恐怖片，老被突然出现的LYB吓到_(:з」∠)_
miro,2018年4月25日,50,从前玩的很有趣，现在完全就是找虐
北冰洋,2018年4月27日,40,优化差，服务器差，可玩性也不高，容易腻，如今玩这个游戏已经内心不再波动。印象最深的还是和老婆窝在宿舍玩，和她高中同学还有网友四排(第一次四排)的那次，那时候是真的觉得新奇+快乐
穿西装の电灯泡,2018年4月29日,40,游戏其实还是不错，但是游戏风气真的太差，有时候优化也很差
王一刀,2018年4月30日,50,划时代巨作
李,2018年5月3日,50,学校干爆
V的骨牌,2018年5月4日,30,不好玩
Meridianan,2018年5月8日,40,还是很好玩 如果不是bug过多玩三把崩一次游戏还是很舒服
jv是死肥宅,2018年5月8日,40,我喜欢躲猫猫，朋友喜欢捡垃圾，还有一个喜欢刚枪。没错，第三个人就经常一个人死了。
Kula,2018年5月9日,30,再玩是狗 
居山雨蒙,2018年5月10日,30,游戏做的不错，服务器很垃圾，还关闭了个人交易
弥生,2018年5月11日,40,教练 我要学射击(is^ti)
散步去,2018年5月12日,40,果然我对吃鸡不感冒
猪猪的小天使,2018年5月12日,40,我太菜了所以不给满分
74：怦然心动,2018年5月19日,30,大概是20181201-20180431 没有cs1.5好玩
我叫牛奶菌,2018年5月20日,40,还不错，就是对设备要求太高
陈博哥,2018年5月23日,40,最开始真的很给我刺激 500+小时。到后面吃鸡已成常事，就沦为了社交游戏，而且比较耗时。这游戏练枪特别重要，一个月没玩就完全不会打。前期以苟活为乐，后期以杀人团战为乐。最爱狙
Vien,2018年5月23日,40,连坐开黑跳伞才是好的游戏体验呀 ~
吃瓜少年LZC,2018年5月27日,40,难度太大，以后还是少玩吧，我太菜，真心打不过，也没空去练技术。
Only One,2018年5月27日,30,8.5
SHUAN_ER,2018年5月29日,10,一星都不值
洁白苏拉米,2018年5月29日,40,吃鸡不
Nakunamatata,2018年6月1日,40,曾经痴迷，现在有点无感
三三,2018年6月1日,40,除了太费时间没毛病
香香甜甜红小豆,2018年6月5日,0,一个人单排的时候，玩的是恐怖游戏…………所以拒绝了……
咕咕,2018年6月5日,30,优化太差，外挂太多，玩还是勉强可以玩玩的。
爹96,2018年6月6日,0,想玩PC版
NO.Ethan.1,2018年6月8日,40,无社交系统 但号召力极强的游戏
希望的垫脚石,2018年6月9日,20,渣优化，各种跟风狗，硬是把steam整成了吃鸡启动器
苏子泊,2018年6月10日,50,求求外挂神仙。。别再上演诸神之战了
钟方源,2018年6月10日,30,在网吧玩得我眩晕，特别想吐……跑毒圈的设定把游戏性降低了。
Wzh,2018年6月14日,40,别让回龙观人捡到AKM，太危险
我要一桶浆糊,2018年6月14日,50,1000小时玩家路过。
加图索,2018年6月16日,40,对我而言就是开放式赛车游戏。。。
破碎南瓜,2018年6月19日,40,辣鸡游戏，但更辣鸡的是我TM很喜欢玩。
挂高树上,2018年6月19日,30,没意思，武装突袭的MOD。
智障青年,2018年6月21日,40,神仙太多，自己太菜
我不吃豆瓣酱,2018年6月23日,20,巨TM无聊的游戏，玩的我都快睡着了，画质也太差了，还不如腾讯的刺激战场呢。
兜兜里有奶糖,2018年6月23日,40,想躺鸡的我，一直在苟。
神をなる※,2018年6月24日,10,封我号显得你很nb阿
死机,2018年6月24日,0,游戏改变人生、上百小时
Luf Lanfkaij,2018年6月24日,30,对于40小时的菜鸡，这就是一款和朋友聊天的游戏
落红逐青,2018年6月24日,40,苟是正义
六月,2018年6月26日,10,不好意思，没玩过，我就是恶意给1星，我就觉得玩这游戏的人都是傻哔
WSCurry ,2018年6月26日,30,优化太烂
[已注销],2018年6月26日,30,想吐
Knob&amp;Knockers,2018年6月27日,30,创意和游戏早期低分局的游戏体验（没挂）的确值四分 狗屎优化-1
是本二,2018年6月27日,50,穷而苟则鸡 富且浪则送 
南瓜豆腐,2018年6月27日,30,火了一段时间，感觉不是很值
MiSir,2018年6月27日,50,想想自己当初从一个菜鸡到能吃鸡，历经了多少欢乐与心酸，伏地魔已经成长成为了钢枪侠。
罘思,2018年6月29日,40,仿真度还是在同类游戏中出类拔萃，加入了子弹初速、重力下坠的算法，射击模式也分为腰射，开镜和机瞄，倍镜的设计也不错，房间里会有滴水声，细节很好，忘不了第一次进沙漠图吃鸡的欢乐，如果你说打游戏是浪费时间，那又有什么事情不是呢，起码这个游戏赋予了我们确定的目标，不是么？
无锋,2018年6月30日,30,把大逃杀模式做的最好的游戏，目前的bug和优化之类的已经好很多了。
E-ldritch,2018年7月1日,10,吃鸡太难了！这辈子都不可能吃鸡！
Crystal,2018年7月3日,30,操作难度不小。。
Meibius,2018年7月5日,20,辣鸡游戏浪费我200小时人生
S,2018年7月6日,50,唯一迷上的游戏
买个袋鼠,2018年7月6日,40,一堆不玩的人在这里评，包括我。
Yofa唯影随行,2018年7月7日,20,这游戏我这辈子都不会玩的
潜水钟 不侧漏,2018年7月8日,30,大型热门社交游戏，游戏性也就那样，就是陪朋友玩玩而已。最近感觉难度越来越高，休闲不起来，有点心累。
略略略,2018年7月8日,30,不玩游戏，但是喜欢看游戏直播，挺有意思的
阿灵师,2018年7月10日,10,steam上的“多半差评”还是有原因的
yellowleaf,2018年7月11日,0,玩物丧志md
win,2018年7月11日,40,一千+后 弃了
绝美马总の腿毛,2018年7月11日,40,事实证明我真的晕3D，想起那个在网吧晕得死去活来的不眠夜晚。
shinkaiace,2018年7月11日,40,像我这种垃圾操作，游戏体验为零
Hz,2018年7月19日,30,适合有固定队友一起玩
Dominic,2018年7月20日,20,环境恶劣至极
嘎嘎,2018年7月21日,50,17年6月份就开始玩了，游戏模式真得很好玩，不过最近出了太多花里胡哨的皮肤，，，，
群星尽头,2018年7月23日,30,苟是王道
Giaogiao,2018年7月25日,50,虽然这个垃圾游戏挂多 bug多 网络延迟高 600游戏时间的我 只能说一句 真香。。
病经申,2018年7月25日,40,超欢乐的
Somnus,2018年7月25日,30,理解这个游戏为什么火，不理解为啥能火那么久。玩的人多喷的人也多，真香的人更多。
Eric,2018年7月25日,50,还好，就是外挂有点多
Sc,2018年7月26日,0,挂太多
度陌,2018年7月26日,30,挂太多。亏了68块
Advancer,2018年7月26日,40,好玩是挺好玩的，就是我太莽了…而且听声辩位也不行…
Erik lensherr,2018年7月28日,50,只玩了两局
眼睛长在屁股上,2018年7月28日,20,神仙太多
Drunk_Marty,2018年7月29日,40,OMG！
值拿倒弭⒆,2018年7月29日,10,莫明其妙火了，然后一群人跟风。。
RaymondChou,2018年7月31日,40,在玩法及体验上的创新是划时代的（不然也不会那么多吃鸡了），然而反外挂一直是悬而未决的问题，另外后续的更新显得不太有魅力了，耐玩性上有些缺陷。
WE1丶,2018年7月31日,40,玩了近千小时，可算腻了
柏致向新,2018年8月2日,30,大逃杀真的是厉害的创意啊
SeASnAkE,2018年8月5日,50,难度跟手机没法比
JerryYang,2018年8月8日,10,一个游戏外挂，优化不解决，就在忙新地图，皮肤，小作坊行为。
λ02γο09,2018年8月8日,40,电脑上玩着爽，但是杀不了几个人……
Bill,2018年8月9日,40,门槛低到令人发指的社交游戏，因为外挂已经弃坑。手机端0接触。
马渣渣,2018年8月9日,50,十分给玩法，至于建模，画面，优化。音乐等等。没什么出彩甚至想给他扣分。经营公司，活像乞丐中了五百万不知道怎么花！！！现象级游戏被下成烂牌，奈何游戏玩法太过于优秀，乃至模仿者都有一批玩家，尽管这游戏世界范围内被借鉴他的堡垒之夜（更加适合欧美玩家审美）超越。。。98元好亏啊啊啊。游戏时间100小时入门，五百小时算是小高手。。。我才不到20小时。。emmm已经脱坑95
七七七七七夏,2018年8月9日,40,开始玩键位记不住真的烦T^T不过其他服还有时候还可以练练英语口语( 6106666107 )
悼花.,2018年8月10日,50,爱过。
Www,2018年8月10日,50,哈哈，日常吃鸡。炒鸡喜欢玩，虽然技术不行98989898
蔬菜沙拉,2018年8月11日,40,每次连被谁杀的都不知道，绝望了
侥幸病态,2018年8月11日,30,这游戏间接害了steam。
[已注销],2018年8月12日,50,我人生中第一次玩手游就是
陆介之,2018年8月13日,40,200h达成；开黑可选经典项目；不存在单人模式的社交游戏；单一模式有些厌倦；期待新图又急速常态
哥吉拉,2018年8月16日,50,不会再玩了
[已注销],2018年8月17日,0,真的是什么都可以标记啊
Liance,2018年8月19日,40,这种判定方式（只有最后一名才算是胜利）蛮有新意的，刚出来的时候超火，一种集合射击、策略、多人组队的一种游戏模式，但玩久了一个是这种fps游戏很晕，一个是要花大量时间搜集资源，基本上很多时候都是1、要么搜集不到东西就死了2、搜集的富到流油被人干掉了。
RiverSide152,2018年8月19日,0,一分也不想打，乐色。
片影,2018年8月20日,50,2017.10.20入坑，2017.12.28用上耳麦（之前都用喇叭），2017.12.31首次组队吃鸡，2018.1.16首次带队吃鸡，2018.4.6首次单排吃鸡，2018.4.23二次单排吃鸡。
miyabi,2018年8月20日,50,玩的还挺上手
快乐肥仔,2018年8月22日,40,菜98一只。对FPS游戏真的一点天赋都没！号被朋友借去开挂封了之后就弃了（真不是我开的！为什么不相信我！！ciao！97）
瓜瓜Gua,2018年8月22日,40,一起开黑
不欺-,2018年8月23日,40,好玩
起个名字真难,2018年8月24日,0,还是有点东西的。不自动捡枪装配件，物品看不清等内容应该都是在追求硬核一些的末世生存感。枪飘的像飞一样，可能也是为了硬核，但练不好压枪杀不了人这点很劝退。
小董,2018年8月24日,30,几百小时后 不会再上线了
gzYYzg,2018年8月25日,20,虽然很火爆，但我觉得命不会很长，一个是玩法太过单一，再一个是官方有病。
爱的镇魂歌,2018年8月26日,30,个人来讲始终无法喜欢上这种内容全由用户生产而游戏本身缺乏设计的类型，但不可否认吃鸡的火爆对整个游戏界产生了重大影响，将原本小众的大逃杀推成热门类型，上至3A领域让老牌大厂纷纷屈尊效仿，下至移动领域开疆扩土打下大片轻度市场，做到了很多前辈们不敢想象的创举。
魔笛手,2018年8月28日,50,大吉大利，今晚吃鸡！
日向翔阳,2018年8月28日,50,口嫌体正直的我表示搭配变声器还是很好玩的
夏浅夕,2018年8月29日,30,这游戏玩在欢乐 国际网骗不管是骗人还是被骗都好玩
托尼乔巴吃西瓜,2018年9月1日,40,刚出来的时候创意真的很惊艳，对我来说，一个人玩不下去，开黑苟起来才带劲啊哈哈哈，不得不说，优化真烂，看看隔壁的堡垒之夜
り遥临,2018年9月1日,50,我好爱这个游戏啊！！！打起来真的太爽了，这几年cf不行的时候，出现这款游戏简直是拯救了我的游戏生涯，没啥爱玩的游戏就喜欢枪战类的，怒赞
仰仗心理医生,2018年9月2日,30,关于朋友的游戏。
肥白如瓠,2018年9月3日,40,毕竟也玩了1000小时呢
kyanyzk,2018年9月3日,30,其实挺好玩的，无奈优化垃圾，外挂太多。Most importantly，是守望国服人气不高之后的替代品。
Adams,2018年9月6日,30,当年肝到不能自已，如今被G劝退。
思齐,2018年9月6日,40,可玩性非常高，没有吃过鸡的菜鸡一枚，全程都是混，被打了就开始蛇皮走位，firstblood是用拳头打下的！绝世老阴比，我能趴在草里纹丝不动。从来不敢骑摩托，骑次死次。最爱跳防空洞，十把有五把落地成盒。
Natsu23Kaze,2018年9月7日,20,快去请卢来佛祖
不断考试垂败兽,2018年9月8日,20,不好玩
ZqTCXVzE,2018年9月11日,10,节奏太慢。
下一页上一页,2018年9月15日,30,这款游戏的出现，使本时代电子游戏工业化的特点很淋漓尽致地展现出来。电子游戏可以是艺术，但是没有真正工业化，就不可能发展成成熟行业，这是好事。不过，工业化真正成熟，还是要度过好多个混乱时期，比如由盗版盛行到人们版权意识觉醒；为了经济收入，游戏厂商不考虑游戏是否有利于人的健康生活，作品质量底下；各大厂商盲目跟进热点，推波助澜，导致模仿过多，鲜见创新；人们对电子游戏的偏见和莫名其妙的敌视，以及游戏厂商为此做的妥协……游戏基础理论的研究会非常有助于游戏健康发展，但是，要是做的人水平不高，恐怕会变成商业公司做广告的工具。
绿野之滨,2018年9月18日,30,FPS游戏苦手 吃鸡全靠苟
子初,2018年9月20日,40,除了挂。还是挺好玩的
Nemuru_Baka,2018年9月22日,40,"Good game, lousy company."
Animus,2018年9月24日,40,垃圾steam服务器，体验极差
哈尼爱怪人,2018年9月26日,30,开黑玩玩还行。。
天青火锅鱼Oo,2018年9月26日,40,吃鸡 不评价了8 四星是bug和挂太多
真田源次郎信繁,2018年9月29日,40,晕死我了
无情猫,2018年9月29日,30,挺好的游戏，也曾给周末开黑小分队带来了许多欢乐，小公司优化太差了，加上腾讯代理迟迟不能上线，玩家流失太严重了。
比比熊玩意,2018年9月30日,40,欲罢不能
枷锁,2018年10月1日,40,挺好玩的就是我晕3D哈哈哈可惜
辣鸡高亮,2018年10月2日,40,大吉大利
nightAmmonia,2018年10月4日,40,本心机婊立下要将其玩成slg的远大目标！
冰镇绿豆粥,2018年10月6日,30,有一些里程碑级别的游戏，品质一般，充满争议性，但却能帮助无数中国玩家和网吧更新电脑配置，显然吃鸡就是这样一款游戏。
xmq6127g,2018年10月6日,10,有创意个屁，完全是模仿日本的《大逃杀》电影。我们这都称之为“吃鸡屎”
NEMO,2018年10月8日,40,那个与你一起吃鸡的夜晚，波屯雪MM
爽娃娃乳歪歪了,2018年10月9日,30,机器带不动，感觉没有得到最好的游戏体验_(:3JZ)_
荒唐。,2018年10月10日,20,傻逼
fucking,2018年10月11日,30,真他妈垃圾优化，98989898。放弃了一段时间，18，10月份又开始玩，主要是玩多排和人聊天！
icebear,2018年10月12日,40,近年来最好玩的游戏，可惜不耐玩
啊嘞,2018年10月13日,0,手残没救了哈哈哈哈哈哈
heat3,2018年10月14日,40,在STEAM上完了100多小时之后逐渐弃坑。单人60多小时候吃一次鸡还是很爽的。游戏好玩，太吃配置，太看人品。
愤然开垦,2018年10月14日,40,2018-9-8：玩这个游戏前刚从《荒野行动》出坑。觉得只是换个平台，结果一直被人虐。觉得挺难的。
L,2018年10月15日,30,卖挂的 开挂的
Jorbane,2018年10月17日,10,曾经我给了四星，现在我只想给一星
Iwanna,2018年10月19日,40,我过去就是拍照的…（……）
卖棉裤,2018年10月20日,40,这个新颖模式，4星
07,2018年10月21日,40,我想要躺鸡
老J,2018年10月21日,30,有机油才有意思的游戏
甘道夫没有爱情,2018年10月22日,40,挺好玩的，可惜了外挂和优化
kidivy,2018年10月25日,0,游戏本身并不值得，成功完全靠天时地利竞争环境帮扶……
派特夏,2018年10月26日,20,这是我玩过的外挂最多的游戏，真棒！
深夜二打六,2018年10月28日,40,体验越来越差.
懋,2018年10月28日,30,主要是我太菜了，以后不玩了，找虐……
小黄鱼,2018年10月29日,30,人体描边大师，对，就是我！
小雨漫过撒哈拉,2018年10月29日,50,这其实就是撩妹游戏，但是我在里面一直被认成小学生！就没有人撩小学生嘛？？？
More Fun Conan,2018年10月31日,50,因为我玩得少吧，技术不咋样，也没遇到挂，对这游戏印象很好。建模不错。
Stray,2018年11月1日,40,游戏5分钟，重连一小时
巨颜童乳,2018年11月4日,30,第三人称不适合我
压猡酥沥,2018年11月8日,40,上。
梭哈一下,2018年11月9日,30,社交游戏
晨昊,2018年11月9日,40,游戏是好游戏……
西岛猫纪年,2018年11月20日,20,考验机器配置的游戏，被外挂毁了的游戏，令人头晕的游戏，死的莫名其妙，不值得玩，花了98买的，在网吧玩被盗号后封了，客服什么根本就不管，永久无法解封
\B,2018年11月22日,40,我哭了 我射不准
jianyuancool,2018年11月22日,40,我就是团队内负责活跃气氛的相声选手
胡杨茶,2018年11月22日,40,没错，我就是快递
夏利隆,2018年11月23日,40,挂b多不玩了
[已注销],2018年11月24日,10,主机上最垃圾的FPS游戏没有之一，pc玩家审美为零，我宁愿去打lol和CF
志杰,2018年11月25日,30,游戏挺好就是被一个垃圾公司给.......
我要吃小豌豆,2018年11月26日,50,玩了那么久，最好玩的还是四个人落地找车去偏远地方，一边聊天一边搜搜搜。
顾吉吉,2018年11月28日,30,谁说女的不枪战，而且还能凌驾男的之上，不信来PK
Serendipity,2018年11月29日,20,手残有何话说
肮脏的烟火,2018年12月3日,40,毫无疑问出色的游戏，现象级游戏，横扫2017 2018游戏市场，改变游戏格局。但射击游戏终逃不过外挂的荼毒
某C姓工程师傅,2018年12月6日,40,玩得菜的甚至碰不到外挂
ProSway,2018年12月6日,40,12.6/2018通过XGP体验主机吃鸡，操作生疏，频频被杀。
奥特曼,2018年12月7日,10,优化烂，蓝洞吃相太丑，不封外挂，不搞服务器，就知道出皮肤。
wish,2018年12月7日,20,糟糕的运营直接把玩家的好感败完
小可爱喵呜,2018年12月8日,50,生活也是一种大逃杀。还好有相声高玩车。
阿瓜,2018年12月8日,40,嘿嘿嘿 买了新电脑 现在带得动了
618,2018年12月9日,20,主机上太难玩了吧。
Alucard,2018年12月10日,10,没有灵魂的垃圾游戏。
白夜,2018年12月10日,30,蓝洞服务器负分滚出
当位即妙,2018年12月10日,40,8、7.5给这个在游戏模式一成不变的死水中涌出的大逃杀模式，奈何从优化到运营都毫无诚意。
翻个白眼,2018年12月11日,40,挂壁太多
羞耻,2018年12月13日,20,就是坚持独狼，还菜b
ELEVENSAMA,2018年12月13日,50,感谢在游戏里遇到的人和经历的事，也是再一个让我无畏辛苦日日去网吧很多次的游戏～
绿风酱,2018年12月14日,10,账号被误封了，垃圾游戏
就是来乱逛,2018年12月15日,40,扣一星给优化和外挂
Spade,2018年12月16日,30,其实挺生吃鸡气的，一直觉得没有它守望先锋可能也就不会凉了。
直球,2018年12月17日,30,对我来说就是个社交游戏吧，游戏里没有发生交火的每一分钟都让我想打瞌睡，不过和朋友一起玩还是蛮有趣的，垃圾时间可以聊聊天什么的
Dongpo,2018年12月18日,40,饥饿游戏
折梅闻雪,2018年12月18日,40,孤儿太多
Anyslus,2018年12月18日,50,9分。
TBP_SK,2018年12月19日,40,我的目标：作一只最肥的快递员
CSGrandeur,2018年12月21日,30,开创性的游戏模式，如此多人同场竞技已足够作为现象级载入史册。不过游戏体验就很不友好了，收集的部分占比太大，使得游戏性大打折扣。
宅的白日梦,2018年12月21日,20,辣鸡游戏
汤丸子,2018年12月21日,30,苟了十五分钟，一秒钟就死了，游戏体验极差。嘤嘤嘤。
вlurry.,2018年12月21日,30,专业躺鸡三十年，专业拾荒三十年，三级包能装满两个，感恩大腿队友不离不弃。不过很不爽误封无解和遍地神仙，什么飞天遁地穿墙神仙之类的。
7,2018年12月24日,30,sb蓝洞
出路,2018年12月25日,40,"自我的游戏体验还算好，遇到的bug, 挂都不算多， 体验不好来自于自己太菜。导致偶尔98k爆头时会high很久。"
抹茶暴风雨,2018年12月25日,40,吃鸡真香
Fallout,2018年12月26日,30,外挂横行。
月色归来时,2018年12月26日,40,游戏体验很好，最适合朋友开黑的游戏，但画质真的很普通... 而且蓝洞也很垃圾，到现在还是能遇到各种挂
[已注销],2018年12月28日,50,一下游戏深似海，过节几天全在吃鸡...
DeepBlue1997,2018年12月29日,0,很怀念刚开始的时候跟各种各样的老外说不同语言的时候
mingchaoyan,2018年12月30日,40,游戏创意不错，画质太渣
Summer,2018年12月30日,40,即将要凉系列
lurker,1月1日,50,被外挂劝退，但是游戏本身还是很好玩的
蘑菇炖小粥,1月2日,30,从H1Z1转过来。变成大型神仙打架游戏之前还不错，再减一星给服务区。
白色黄昏,1月3日,30,前有H1Z1，后有堡垒之夜，却唯有PUBG在中国爆了，实在是很有意思。人类在现实世界里制定法律，约束自我，在虚拟世界里却以杀人为乐，也很有意思。
5imple,1月4日,40,开创了一个新时代的游戏，不止是指大逃杀类，说起来，steam，育碧，烂橘子，gog，Eric等外国游戏平台的火热都得归功于这个游戏，显卡商也得感谢这个游戏。国内的大部分玩家的眼界因此而得到开阔，不再满足国产垃圾游戏。这也必将促使国内的游戏厂商明白，玩法创新才能带来真金白银，无脑氪金终将导致关门大吉。
河洛XD,1月4日,50,巅峰KD3.0，目前手游脑残。
三宅浩太,1月4日,30,国服手柄玩家每局活不过5分钟
\幕M,1月5日,30,不感冒
永远喜欢唐纳德,1月6日,40,太多挂
你喜欢吃青椒吗,1月6日,20,大型交友聊天软件？除了吃鸡一时爽以外，实在是没有什么愉快体验。流行一段时间以后，周边的人再也没有打开过这破游戏。
啦啦啦,1月6日,30,画面很油腻，还逼我加内存。
Mr.Vick,1月8日,30,"优化的空间还是很多,等级系统只增不减也是..."
不爱吃辣,1月8日,30,玩了三十个小时后唯一解锁的成就是和平主义的我很难给出什么好评价……
树上的大腰子,1月10日,40,按键还没熟悉
慢动作缱绻。,1月10日,40,菜是原罪。
YOO,1月11日,50,不管怎样 2017年的暑假我永运会记得
才不是嘤嘤怪,1月12日,40,有点晕
阿洲,1月13日,30,游戏的精髓就在捡垃圾
液化气女士,1月13日,40,这个游戏的设计还是很有意思的 奈何我是眼拙操作渣 账号扔给别人玩了
康钥,1月13日,40,和大学室友一起翘课玩的就是这个游戏
Schro_cat,1月15日,50,虽然外挂很多，但是和朋友玩得很开心
李阿鲁,1月16日,10,垃圾 吃相难看 现在不用加速器就登不上去了
souleiman,1月17日,50,。。。
旅谷,1月18日,30,小作坊辣鸡优化土豆服务器诸神之战作品。真香
Doraemon,1月18日,40,"此游戏十分考验玩家的决策能力，生死就在毫厘之间；四排对团队协作能力有很高要求，胜率高的玩家值得佩服！个人认为是近年来最具创意的游戏设计之一，这种“大逃杀式”的游戏机制可以被沿用。没有给满分是因为服务器的连接太差，无论用不用加速器Ping值都很高，十分影响游戏体验。"
千木林,1月18日,50,优化再好点就好了
idiot,1月19日,30,挂多 多人玩还有点意思 单排的话久了发现这游戏真慢 磨磨唧唧的 半天见不到个人
硅基生物,1月20日,50,建议增加三种战术：上树，挖地道和埋地雷，虽然进决赛圈已经没有心惊肉跳的感觉，但还是很怀念组队吃鸡的日子，手游什么的去死吧
墟先生,1月22日,40,不会忘记那段网吧因为它抢不到座位的日子
复仇者,1月24日,50,棒
千里马,1月25日,10,一星给蓝洞
啵啵狗,1月25日,50,dbq可能是我残废，用电脑玩整个人就像个智障一样，但是还是很好玩90
摩西,1月26日,10,辣鸡
i_am_D,1月27日,40,弯腰撅屁股，兴匆匆地舔盒子，突然给你一梭子弹，卒。四周安静，正撒欢跑着，砰一枪，受惊一抖他妈又死了，玩了200把人没打打死几个，就是捡东西越来越快，在游戏里我永远是个盲人！
雅号叙翁,1月28日,50,菜到抠脚，也要跳人多的地方
∑,1月28日,30,服务器烂、优化太烂、反外挂完全没啥鸟用。
搞向,1月29日,50,其实我还在等国服～
大长杆君,1月30日,30,游戏模式极具吸引力，但游戏本身可能受制于制作组水平，在画面美工动作系统UI线上互动等等方面都欠缺打磨。
鹿乃喵,1月30日,30,虽然你总是时不时的服务器爆炸，但是你的确很好玩，希望把外挂都扼杀就更好了
现磨还是速溶,1月31日,30,因技术菜给差评…嗯
ヘイシ,1月31日,30,抛开影响不谈，游戏本身素质还行，除了枪名.......
2001美国往事,1月31日,30,游戏初体验极低，第一次玩solo模式，遇到非法组队。后面再玩，刚落地，就被拿砍刀的追了30多秒。不过，我觉得还行。
Two宝,2月1日,30,电信直连不卡哦
繁星,2月1日,20,这个破烂检查外挂机制，还有这个破烂优化，那会正好赶上内存大涨和挖矿，这玩意又最吃内存和显卡，又在中国大火，真不知道是不是背后和内存显卡厂商串谋好了，外挂解决不了，一天G几十、一个号99，老G比们一个号接一个卷土重来，总之恶心人，倒是狗洞和厂商们赚大了，可不是美滋滋？
千重变,2月1日,50,角色扮演FPS
Potent.,2月3日,40,对新人不友好（是我眼瞎。
念不忘,2月5日,40,bug多，挂多，还要加速器… 但是火的那阵子经常和队友吃鸡，还是玩的很爽的… 一句话总结就是：捡破烂二十分钟，跑毒五分钟，战斗5秒钟
大大夫,2月5日,30,意亮艘桓鲂∈钡恼撕抛饨瑁然后开局十分钟后意识到自己不太适应这种端游的画面摇晃，被劝退了(个_个)……
xAsiimov,2月7日,20,&#34;垃圾&#34;
,2月8日,30,第一次感觉一款游戏玩的人多了也不是件好事。
zhd_dave,2月9日,40,98块钱玩了700多小时。
NoMad的决意,2月9日,40,现象级游戏，但我其实不太喜欢。无论是外挂还是过多的小学生都严重影响了游戏体验，游戏机制本身也并无太大乐趣――没有什么游戏比生活更接近大逃杀。
RioLia,2月9日,30,dota接班人
makumaku,2月9日,30,没错，就值6分
MithRas,2月9日,10,2018年以来主流审美又下降了一层，无论是音乐还是游戏
Gaakei,2月10日,30,这种游戏只适合尝鲜玩一段时间(和朋友在网吧为了赚网费打了一个假期)，玩得游戏多了就会觉得没意思，很无聊。
弥赛亚代言人,2月10日,30,对于我这种射击苦手，基本上就靠躲墙角拿前三，不过一款游戏，躲墙角也能拿前三，也算是……有特色吧。实话实说，真是完全找不到这游戏火遍全球的点。
子曜,2月11日,20,不推荐
爱看电影的猪,2月11日,30,我从来没见过这么写实又刺激的游戏，也从没遇见过这么傻x的公司
Evarnold,2月12日,50,真的好玩。真的刺激。真的是恐怖游戏。拯救了网吧。
许英浩,2月12日,20,外挂过多
凛凛酱,2月12日,40,社交游戏:)
god is shit,2月13日,40,有段时间还是比较沉迷的
夏花,2月13日,30,全都是挂 大家都在玩什么
李玄得-,2月13日,40,担心被外挂搞掉的游戏。
豆友胡,2月14日,40,玩家体验太差
hoarwhite,2月15日,20,我佛了 上手难度极高 
国服第一突击手,2月15日,50,虽然挂很多 ……还是支持
一兜月光,2月15日,40,每次过年回家陪我弟玩，我都能苟到决赛圈，好几次了，真的，我、我弟、我外甥、他俩的哥们，每次带上我，我们呆的地方不会被炸，陪我苟到哪决赛圈就缩到哪。所以，虽然我菜，他们也愿意带我玩，感谢。
坏橙子,2月16日,40,为了吃鸡买电脑，结果不想玩了。。。
张师爷,2月16日,40,大逃杀最火的一部，游戏比较贴近真实作战情况，但是游戏体验并不好
周一,2月17日,30,是个狠人！！！画质在搞级点就好了
yurixyz,2月18日,40,描边枪法基本毫无游戏体验地苟了80个小时，现在没加速器完全登不了，快半年没玩了吧。
岛田卢西奥,2月18日,50,跟舍友双排吃鸡概率最高，四排游戏体验最佳！
西山赵大王,2月19日,40,手残放弃。我果然还是更适合每天看马诗恒打游戏。
Paramount。,2月19日,30,游戏是好游戏，但是优化太差，外挂太多。
天灰色的,2月20日,10,韩国的游戏是真的垃圾，火了两年了画面没什么大进步，优化基本算是没有优化，从来不想着怎么提升用户体验，这么多用户能做到现在快没人玩，光想着圈钱。毕竟是韩国游戏只用两个字能概括，垃圾，想想韩国别的游戏也都是垃圾，也就靠中国才能骗钱了。
Diane,2月20日,40,我卢本伟没！开！挂！
Mingdoom,2月23日,30,很难玩
咕叽咕叽嘟嘟,2月24日,40,怀念和愁愁老哥执酒吃鸡的夜晚
言身寸心,2月24日,40,喜欢这种类型的游戏
哑巴萝歌思,2月24日,40,对于大逃杀传统元素内容取舍得当，地形处理成熟，匹配相对稳定且吸引力相对持久，除了外挂问题以外，算是佳作
木下夜鸦速,2月24日,40,开创了一个时代的游戏。但是……蓝洞的开发实力不敢恭维……无论是开发运营都明显比顶级公司低了几个档次。希望之后蓝洞能借吃鸡的成功提升自己的实力吧。
Liekkas,2月24日,10,好久没玩 前一阵出雪地玩了会 端游更加刺激带感 喜欢摩托的声音
汨罗诚,2月25日,50,带我渡过一个与众不同的夏天。 作为一个从来不打FPS TPS 所有射击类游戏我都很讨厌的人，我爱上了射击。带我入门射击，与人斗其乐无穷。 晚上看shroud的录播很催眠地睡着，被他的刚枪所影响的我也是热爱刚枪 1小时赶20趟飞机。最好玩的还是最初的那个时代，BGM也是最好听！沙漠图开始就变味了。
_阿玖,2月25日,50,虽然外挂满天飞 但我还是想给你五星
橱窗外的大怪兽,2月27日,10,这游戏有什么意思？
无限空大饺纸哝,3月1日,40,没挂五星
安眠岛,3月1日,40,对意识的要求比枪法高
江上雨,3月2日,10,恶心啊，误封我的账号，垃圾游戏无疑。
芝士条,3月2日,50,好好玩啊
Akai,3月3日,30,一般。
Zzzz0L1,3月3日,30,求求你了蓝洞
明景和春,3月4日,50,落地成盒真不是故意的也不是装的5555
想想想,3月4日,30,这个怎么说..虽然当初很想很想玩，但是玩了以后..对新手很不友好..变相劝退。优化也不咋地，虽然我一开始没感觉到这是一个小公司的游戏，后面玩了apex才发现顺滑和不顺滑的区别..
李哭哭03,3月5日,30,对于外围玩家太不友好
无缘人,3月5日,50,女孩就应该学打枪；吃鸡地图是为了纪念切尔诺贝利？！
三流,3月6日,50,高手越来越多，全场送快递。。。
勾陈一,3月7日,50,沉迷吃鸡不可自拔
神机铳手唐明,3月7日,40,上手玩了两天，最好的结果是苟到前七名。17年底开始火火起来，舍友都跟着玩了。给我一支98k，我可以百步穿杨。
EdNigma^,3月9日,30,火过头了 又晕3d 所以不怎么喜欢
晓思丽英,3月9日,50,晕3d
fan&#39;s,3月9日,50,"怀念去外服练口语的日子， Target on the left !!! Enemy spotted !!! Frag out !! Sinper, find cover !!! ( 其实根本没这么高端，大部分时间是 I got shot, help!!!"
狂狗,3月10日,30,射击手感，人物动作都挺差，并且在狂卖千万份后，蓝洞也没有及时补救，终将被诚意满满的堡垒之夜和apex掩盖
零玖,3月10日,50,第一款steam
修竹里,3月10日,40,巨狗一游戏，三人钢枪队亡于伏地魔枪下。
脑阔大,3月11日,30,至今忘不了那天那个距离我很远的人，他拿着一把s686，那天沙漠，天气很好，他朝着天空打了两枪，我便倒了地，死掉前一刻我望着天空，今天又碰到神仙了呢
虫子桃李,3月13日,40,对新手不甚友好，但是仍然能找到了去呢
沿岸时光_,3月14日,40,手残眼瞎胆子小玩家的噩梦
TITAN YUNKI,3月16日,50,-.-
就有人的话,3月16日,40,举成你的接班人了。
酒店卖套的,3月18日,40,游戏是个好游戏，就是每个月30的月供vpn，没有开挂的那些几几开主播，和孤儿神仙把我劝退了。曾经我是个苟子，不到最后一个圈不可能开一枪，搜30分钟，3头3甲，5包10饮料，满配M4，满配SKS，被人偷了屁股，但是还是和朋友很欢乐，后来神仙来了，诛过仙，打过孤儿，却觉得没意思了。
懒羊羊,3月18日,20,花过最冤的98块，对新手很不友好，所以也就躺在库存里吃灰了
三斤半,3月19日,40,前男友还我steam账号！ ！
Azui,3月20日,40,快递模拟器 跑步模拟器 开车模拟器 就是没有吃鸡模拟器92
茶男,3月20日,40,想给3星的……嗯……算了好歹玩了有450小时了……
VentosaNomad,3月20日,20,刚发行我就买了，500小时我都不知道怎么打出来的，现在看见吃鸡新闻就想吐，自己一个人真玩不动，确实因为它让大众知道逃杀游戏
Freja,3月21日,30,绝地求死：十分钟开三把的盒子精本精如是说到。
苏苏苏荷,3月22日,30,游戏是款好游戏，打到决赛圈我能感到心脏的剧烈跳动，手像被针扎一样，头脑发热，这让我真切的感受到我自己还活着。之所以给低分是因为蓝洞这家垃圾公司，我和同学很早就在网吧开黑玩，不过我最早都是租好玩租号（因为觉得太贵，自己应该不会玩很久，没想到最后租号估计都花了一两百吧）。后来下定决定买了这款游戏，和同学网吧五黑，第二天上线号就被永久封禁，我都懵了，四位同学的号好好的，给蓝洞发邮件也只是告诉我，他们系统不可能封错，只能逼得我重新买了一个号
云飞云得念情,3月24日,40,当时以新颖的方式吸引了一大批用户，几乎网吧里所有玩LOL的都去玩这个了。但是红的快，凉的也快，来也匆匆去也匆匆。因为这个游戏steam中国人注册量也变多了，我也是因为这个游戏第一次下载steam，也是第一次卖出去steam号。
13885472218,3月24日,50,比较好玩。
你的温柔像羽毛,3月24日,50,喜欢
Pyrrhax,3月25日,50,大逃杀游戏的经典
Silhouette,3月26日,30,越玩越没意思
迷茫青年,3月27日,40,挺好玩的啊
二把刀,3月28日,30,可以说是现象级的产品了，一个在直播刚刚火爆起来的时代里率先乘东风的游戏，本身游戏模式挺好的，奈何蓝洞真的垃圾。前期bug满天飞，后期外挂遍地走，再加上永远解决不了网络问题和永远都没什么大进展的优化，这游戏，只能是现象级，难以成为经典，迟早会被同类型的优秀作品所替代，这不，APEX来了。
开心一点吧,3月28日,50,外挂少了后体验迅速上升
依然DLY,3月28日,40,2017爆火游戏
HAL1998,3月29日,30,在一次成功吃鸡后，突然对这个游戏失去了兴趣。
w,3月30日,40,基友嫌弃pc挂太多去跟妹子玩手游了，mmp，本来三人队打四人的，我偶尔能躺赢。昨天跟阿涛上去玩了两把，我都活不过两分钟...太苦了！！小姐姐队友也找不到，太苦了！！
rk,4月3日,40,从新鲜到放弃 不过确实跟朋友一起留下了一些很不错的回忆
斑尾鹬,4月6日,20,冲会免送了一个玩儿了玩儿，觉得没什么意思。
我要粗手臂儿,4月6日,50,主要是今天开始玩遇到一个13岁的美国男孩说要我站着别动，等他，哈哈哈
永恒如风,4月7日,50,纪念我的2017-2018年初的那段吃鸡岁月
已注销,4月8日,40,我不适合这个游戏 这不是游戏的错 这是我的错
Whyddy,4月8日,40,落地成盒
和平大道947号,4月9日,30,还记得那个昏暗的灯光下，用室友的电脑紧张刺激地拿下首次单排吃鸡的吼叫。然后随着多次更新后就感觉游戏体验很差。还有一次操作失误（就在一瞬间没能用98k将对手击杀）而没能和我的高中同学一起吃鸡真的很遗憾~
妖怪,4月15日,0,2018年春节前被一群小屁孩带坑，一直玩到2018年末，刚开始那种狂热可以茶饭不思，什么事都可以搁置一边的那种，没日没夜地在诺大地图上奔跑，厮杀，虽然大多数都是落地成盒不然就是好死不如赖活着模式躲起来，玩这个游戏可以一边思考人生，碰上敌人你越躲死得越快，团队战一定要团队结合才有胜算。2019年，终于戒掉浪费人生的游戏。
嘿！Aren,4月16日,50,就算快脱坑了  也想给你打个满分
魑魅魍u丶,4月19日,50,致我玩的第一个FPS游戏。
wakaka,4月20日,50,逛一城不如等一人
小明,4月21日,50,两个号加起来超过1000小时了，单排吃鸡8次，KD1.09
T1 Go.,4月22日,30,这游戏不知不觉出两年了，还是很好玩，游戏改的有点找不到当初的感觉了，经常吃鸡内心也没有什么太大的波动。而且外挂还是永久性问题
妮妮,4月23日,30,优化和挂。。。
失落沮丧鹅,4月24日,40,“我们年轻的时候在玩什么”
长安古道,4月25日,40,看室友玩的（我不玩fps的
乔克绵羊,4月27日,40,一开始就是觉得“今晚吃鸡”很温馨！
无条件积极关注,4月29日,40,玩了一天，几乎次次打野摸毒零杀混进决赛圈，然后被干死
protagonist,5月3日,50,玩是好玩，就是我太菜加上老是连不上，又没钱买加速器。
趣多多,5月4日,50,每次和朋友在电竞房开黑玩吃鸡就特别开心
我叫星期二,5月4日,40,和CS一样，火起来的Mod...
Roland,5月5日,0,对不起，真的菜。对不起，总之先对不起。
温柔的风之瞳啊,5月7日,40,对我来说，这是个聊天游戏。
吗啡0.25,5月8日,40,你妈
透明人间,5月9日,30,。
暖暖,5月13日,40,700h 果断配电脑 蓝洞不行
Nulllll,5月13日,30,没PC操作好，凑合吧，只吃了一把，话说这游戏竟然100多，不值啊 ！！！
Kyrin,5月15日,20,虽然现象级，但是优化渣，外挂多，蓝洞不作为。你看gta5这样的游戏线上做不好都会被喷，何况这玩意呢？还有就是以后玩啥都会被说“你这游戏好像吃鸡啊”，像你妹啊！第三人称像吃鸡！FPS也像吃鸡！到底多少3A大作都像这玩意啊！！！！
CrazyCrazyChen,5月15日,30,挂太多
战场原怜,5月16日,40,挺难练到高水平，但是好玩
TheMeToNight,5月18日,10,司马蓝洞
VercyEleven,5月22日,30,无聊打发时间而已
Owen袁,5月23日,30,到现在不知道好玩的点在哪
我什么都不知道,5月24日,40,手残确诊啊  不仅手残还眼瞎 听音辨伪能力差 痛苦
风尽卷,5月24日,30,我个人steam上买完觉得最亏的游戏
豆友190160660,5月26日,40,最喜欢的武器是平底锅93
咕儿,5月28日,40,说实话这游戏没有那么吸引我，游戏节奏慢，有时候觉得自己在玩收集小游戏。队友不开麦吧没有战术交流，开麦吧就是尬聊。射击画面做的确实挺好的，但整体上没有什么玩下去的动力，自己玩了一段时间以后就不怎么开了，偶尔陪朋友玩玩。
二手公仔,6月2日,30,头晕，苟，胆战心惊
watchman,6月2日,30,当时脑残买了，玩了三四个小时剩下就借同学玩了，结果不知道哪个人开挂给封了，我不心疼游戏，我心疼我99块钱。
就想吃辣椒,6月3日,40,剩下一星扣给迭代速度，速度太慢低玩都流失了，剩下神仙打架，玩的特累！但王者游戏还是你啦！！
Sato,6月3日,20,挂毁了游戏
哇咔咔咔咔看看,6月4日,30,比较写实但又处处有缺点，算一部网游吧
萝先森i,6月4日,30,游戏很好玩，哪天把外挂治理好了，回来改五星。
以梦为马,6月4日,30,看大家都在玩，都迷的很，微博朋友圈到处都是吃鸡吃鸡，下载了看看试试。结果我好像不太行对这类游戏～
Crazy贪图,6月6日,30,优化渣，战斗渣，网络渣，我是真搞不懂这游戏是怎么火的，跟风入了，结果特么什么玩意儿
name,time,score,comment
牛肉粒,2017年9月12日,50,这个游戏改变了我的人生，优化烂所以室友们都跑去网吧玩，寝室很安静很适合学习
怀念小红莓,2017年9月6日,10,巨 TM 无聊的游戏，啥也不做直接苟到第一名，浪费时间。
HolyC,2017年4月29日,30,"拾荒一小时,见面一秒死"
诺诺诺诺诺兰,2017年10月18日,10,我想给负分，因为舍友整天玩这个游戏到三更半夜。
OpinionatedDbU,2017年7月1日,50,我是谁，我在哪，谁在打我。
贰叁,6月12日,20,除了韩国人的嘴脸……其他都还行
良猷,2017年10月26日,50,这游戏真是太有意思了，玩了一个多小时，坐了五十多次飞机。
蒙奇D黄猿,1月19日,50,这游戏带动电脑硬件产业发展，使中国网吧市场回暖
孟宇弟弟,2017年7月24日,50,听说国服是腾讯代理，充值就送防弹衣   会员直接背枪降落  充值满500送私人飞机  充值满1000送吉利服  更有火麒麟 毁灭 屠龙 超豪华补给箱 复活币等你购买，没钱的自己找河跳。
我小姨,2017年7月11日,40,你会不会突然的出现 拿AK与我面对面
Boon,2017年9月27日,50,这游戏出来以后……每天都有同事……用怪怪的眼神问我……今晚吃鸡吗……
呵呵呵呵23333,2017年9月3日,50,这个游戏有毒，我做梦都在玩！做梦都希望自己可以吃鸡，但一吃没吃过！
AA开开,2017年9月16日,50,玩起来很棒，可以根据自己的喜好去玩，你可以去肆无忌惮的见人就怼，你可以全程狗到最后送波快递，你也可以团队协作分工明确。这款游戏因为它的这些玩法多样化，很容易上瘾，紧张，刺激，惊悚。
瓜瓜饼饼,2018年2月23日,40,吃鸡届的高手，稀里糊涂跑成了第一9898
Cult,2017年6月1日,40,单排真的是恐怖片
日暮戈薇,2017年11月11日,50,直女表示像直男分不清口红色号一样分不清各种枪到底有什么区别。
阿蛋,3月22日,40,做最优秀的快递员 搜到最好的物资送最好的快递
N魂城扳手大,2017年10月2日,10,这种动作滑稽、优化差、厂商态度差的游戏也能被舔到9分？
liubinyan,2018年1月14日,40,组队孤儿死个妈先
AC沫尾,2017年11月16日,10,这么说吧，绝地求生应该是很多中国玩家第一次在网络游戏中和外国人游玩的游戏，有种新鲜感，所以把拆那南波万喊得特别起劲，然而在稍有点游戏阅历的玩家眼中，这帮玩家和第一次进城的乡巴佬没什么区别。
身藏利刃丶,2017年9月17日,50,相比lol，绝地求生给我最好的游戏体验就是可以击杀队友。开车撞死豪比，在豪比即将跑进安全区的时候给他一枪，不想玩了就随缘开枪喷死小胖，和小胖对拳毫无留情捍卫青岛第一拳皇的尊严～(￣￣～)~。吃鸡不重要，坑队友才是乐趣所在啊
Ken Freeman,2月18日,10,张献忠游戏
桦树立秋,2018年6月10日,40,换装→聊天→拾荒→揽件→快递
结城明日奈,2017年9月24日,50,把把前十，永不吃鸡
胡航坤,2017年10月2日,10,不知道这样制作不精良的游戏是怎么火起来的
IS.Caesar,2017年4月22日,50,谁才是最阴险的人争霸赛之只求吃鸡！比H1Z1好多了
机智的不死人,2017年7月19日,0,开局一个拳头，装备全靠捡
零度水面,2018年5月24日,10,这游戏告诉我们只要有好的创意，就是游戏素质一坨屎也能取得成功
想要健身的窝瓜,2017年9月4日,50,首付98，月供30。揽件10分钟，送件5秒钟。
Logo98_AnHao,2017年11月12日,50,看了评论和简介也很心痒，就去试了试，一个快递员跳伞换装游戏哪有你们说的那么刺激？
Dean,2017年12月7日,10,挂比卢本伟不封杀，天理不容！
你也看机核网么,2017年4月3日,40,这游戏完全不用担心玩家素质的问题，除了和你开黑的队友，其他的都是你死我活。
邓萌17002,2017年9月7日,50,没有死亡回放，是为了保证死的人如果是开黑的，有可能报点。
贫下中农,2017年8月29日,40,这是一个关于快递员的换装游戏
快乐的超哥,2018年1月3日,10,我已经不是这种FPS的受众了・・・・你在任何FPS的外衣上糊一坨多人游戏的屎都会有人买账，但是快20年前的三角洲特总部队的free for all和这个游戏差距很大吗？年轻人们，你们到底腻了没有？
安德烈大叔,2017年8月22日,50,黑暗森林法则，掉大坑里了。
八神太二,2018年2月19日,20,这游戏到底有啥意思，莫名其妙火起来，跟风狗真恶心！
看我眼色行事98,2017年6月30日,50,全世界玩家素质都一样，开语音就是fuxk you，傻逼，草泥马。人就是互相排斥的。拾荒一小时，见面一秒死
Atreus,2018年3月25日,40,在绝地求生，你甚至可以遇见不使用外挂的玩家
Rmice,2018年4月24日,30,大94失踪之谜
写名于水。,2017年11月9日,50,我与我的老同学组成了神奇四匣组合。
levi&#39;s wife,2018年3月11日,40,感激男盆友带玩以及在我被小贱人射杀后替我复仇然后跳海自杀殉情而亡。
pe,2017年10月6日,50,我永远都跳伞去最远的角落，天涯海角总不会再有人追杀我们了
金坷垃伟大,2月26日,10,沉迷于吃鸡
徐炖蛋,2017年11月7日,40,舍友天天打，我偶尔玩几局，要是没有外挂，服务器再好点，这个游戏就可以了。
Avril Lavigne,2017年12月6日,10,i dont think this shit is cute.
Just one,2018年2月3日,30,看到因为优化差室友去网吧玩  自己在宿舍学习的就很逗了     结果看到后面还有人因为室友在宿舍玩到凌晨三点根本没法学习的   世界之大无奇不有啊   啊哈哈哈哈      游戏来说   3分吧   并不是很好    但是在大逃杀类型里面 算可以的。
Luyo,2018年2月10日,30,基友拉去网吧四排，跟我说带你吃鸡; 捡到二级头四倍镜98k统统上交，狗到决赛圈被人家一枪放翻，剩下两个队友被带走以后四个智障拿枪指着我问，兄弟买挂吗？我还没搞清楚怎么调麦又被干掉; 游戏体验极差，还是安心打DOTA
樱若少女小琪琪,2018年2月11日,20,即便蓝洞可以解决外挂与优化这两个硬伤，以现在呈现出的完成度至少需要在正确的方向上（细化地图与资源配置，增加武器区分度与实用性，平衡偶然性对游戏体验的影响）打磨一年才能匹配其现有的声名――遑论单硬伤都看不到有任何转机的努力。吃鸡为看穿大众文化及与之挂靠的资本逻辑之本质提供了绝佳范本
El Sur,2017年8月26日,50,集射击、赛车（船）、步行（游泳）模拟、策略（阴人）和捡垃圾于一体
jinyu,2017年9月22日,50,游戏本身还是不错的，然而外挂十分影响游戏体验
风华绚烂,2018年9月27日,50,没想到啊 经历了CS之后 我都三十了 又特么的变成网瘾少年了 不 中年
tp,2017年11月12日,40,可以的，单排很像恐怖片。限于网络一般，我一般玩几局就退，几天玩一次。以前可能是超级新手，还经常万年老二，现在玩过一段时间，可能排名上去了，越来越虐，找不到CODOL那种随便玩都虐别人的感觉。要沉得住气做个LYB才行。还有就是我断断续续的玩，键盘一直不熟，情急之下经常按错，把我气的
Port blue,2018年2月14日,20,游戏前期优化极差，现在挂逼数不胜数
Nirvana,2018年2月20日,30,我玩的绝地求生只是个跳伞模拟器
Rooney&#39;s Dream,2018年3月25日,30,氛围几乎没有，真实感全无，设定不够硬核。披着求生标签的娱乐游戏，对了还有糟糕的优化和反外挂。（尽管现在更新使游戏性增强了不少但游戏环境依旧恶劣。）
99,2018年3月28日,10,死妈游戏
Overture1812,2018年4月3日,20,以前总是黑育碧优化差土豆渣，直到遇到了这个游戏，才发现育碧是有多么良心。
Vidar,2018年4月10日,20,外挂泛滥   游戏真空期长  世界观空虚  游戏优化很烂
Joker_Faye,2018年8月7日,40,很快就觉得不好玩了，还是我太菜，体会不到游戏的乐趣。
刮脸刀,2017年5月15日,10,要玩的加好友啊http://steamcommunity.com/profiles/76561198064646555/
九里,2017年5月22日,40,有了八倍镜的我可以八百里开外打爆你的狗头！
